[2026-05-31T05:52:18.396+0000] {processor.py:161} INFO - Started process (PID=162) to work on /opt/airflow/dags/reports_etl_dag.py
[2026-05-31T05:52:18.400+0000] {processor.py:830} INFO - Processing file /opt/airflow/dags/reports_etl_dag.py for tasks to queue
[2026-05-31T05:52:18.405+0000] {logging_mixin.py:188} INFO - [2026-05-31T05:52:18.404+0000] {dagbag.py:538} INFO - Filling up the DagBag from /opt/airflow/dags/reports_etl_dag.py
[2026-05-31T05:52:03.515+0000] {processor.py:840} INFO - DAG(s) 'reports_etl_dag' retrieved from /opt/airflow/dags/reports_etl_dag.py
[2026-05-31T05:52:04.576+0000] {logging_mixin.py:188} INFO - [2026-05-31T05:52:04.575+0000] {override.py:1769} INFO - Created Permission View: can edit on DAG:reports_etl_dag
[2026-05-31T05:52:04.687+0000] {logging_mixin.py:188} INFO - [2026-05-31T05:52:04.686+0000] {override.py:1769} INFO - Created Permission View: can read on DAG:reports_etl_dag
[2026-05-31T05:52:04.720+0000] {logging_mixin.py:188} INFO - [2026-05-31T05:52:04.720+0000] {override.py:1769} INFO - Created Permission View: can delete on DAG:reports_etl_dag
[2026-05-31T05:52:04.736+0000] {logging_mixin.py:188} INFO - [2026-05-31T05:52:04.736+0000] {dag.py:3036} INFO - Sync 1 DAGs
[2026-05-31T05:52:04.783+0000] {logging_mixin.py:188} INFO - [2026-05-31T05:52:04.783+0000] {dag.py:3058} INFO - Creating ORM DAG for reports_etl_dag
[2026-05-31T05:52:04.835+0000] {logging_mixin.py:188} INFO - [2026-05-31T05:52:04.835+0000] {dag.py:3823} INFO - Setting next_dagrun for reports_etl_dag to 2026-05-30 02:00:00+00:00, run_after=2026-05-31 02:00:00+00:00
[2026-05-31T05:52:05.015+0000] {processor.py:183} INFO - Processing /opt/airflow/dags/reports_etl_dag.py took 2.252 seconds
[2026-05-31T05:52:35.423+0000] {processor.py:161} INFO - Started process (PID=167) to work on /opt/airflow/dags/reports_etl_dag.py
[2026-05-31T05:52:35.425+0000] {processor.py:830} INFO - Processing file /opt/airflow/dags/reports_etl_dag.py for tasks to queue
[2026-05-31T05:52:35.426+0000] {logging_mixin.py:188} INFO - [2026-05-31T05:52:35.426+0000] {dagbag.py:538} INFO - Filling up the DagBag from /opt/airflow/dags/reports_etl_dag.py
[2026-05-31T05:52:35.663+0000] {processor.py:840} INFO - DAG(s) 'reports_etl_dag' retrieved from /opt/airflow/dags/reports_etl_dag.py
[2026-05-31T05:52:35.702+0000] {logging_mixin.py:188} INFO - [2026-05-31T05:52:35.702+0000] {dag.py:3036} INFO - Sync 1 DAGs
[2026-05-31T05:52:35.737+0000] {logging_mixin.py:188} INFO - [2026-05-31T05:52:35.737+0000] {dag.py:3823} INFO - Setting next_dagrun for reports_etl_dag to 2026-05-30 02:00:00+00:00, run_after=2026-05-31 02:00:00+00:00
[2026-05-31T05:52:36.127+0000] {processor.py:183} INFO - Processing /opt/airflow/dags/reports_etl_dag.py took 0.708 seconds
[2026-05-31T05:53:06.396+0000] {processor.py:161} INFO - Started process (PID=172) to work on /opt/airflow/dags/reports_etl_dag.py
[2026-05-31T05:53:06.397+0000] {processor.py:830} INFO - Processing file /opt/airflow/dags/reports_etl_dag.py for tasks to queue
[2026-05-31T05:53:06.399+0000] {logging_mixin.py:188} INFO - [2026-05-31T05:53:06.399+0000] {dagbag.py:538} INFO - Filling up the DagBag from /opt/airflow/dags/reports_etl_dag.py
[2026-05-31T05:53:06.636+0000] {processor.py:840} INFO - DAG(s) 'reports_etl_dag' retrieved from /opt/airflow/dags/reports_etl_dag.py
[2026-05-31T05:53:06.675+0000] {logging_mixin.py:188} INFO - [2026-05-31T05:53:06.674+0000] {dag.py:3036} INFO - Sync 1 DAGs
[2026-05-31T05:53:06.701+0000] {logging_mixin.py:188} INFO - [2026-05-31T05:53:06.701+0000] {dag.py:3823} INFO - Setting next_dagrun for reports_etl_dag to 2026-05-30 02:00:00+00:00, run_after=2026-05-31 02:00:00+00:00
[2026-05-31T05:53:06.727+0000] {processor.py:183} INFO - Processing /opt/airflow/dags/reports_etl_dag.py took 0.336 seconds
[2026-05-31T05:53:49.454+0000] {processor.py:161} INFO - Started process (PID=177) to work on /opt/airflow/dags/reports_etl_dag.py
[2026-05-31T05:53:49.455+0000] {processor.py:830} INFO - Processing file /opt/airflow/dags/reports_etl_dag.py for tasks to queue
[2026-05-31T05:53:49.456+0000] {logging_mixin.py:188} INFO - [2026-05-31T05:53:49.456+0000] {dagbag.py:538} INFO - Filling up the DagBag from /opt/airflow/dags/reports_etl_dag.py
[2026-05-31T05:53:34.022+0000] {processor.py:840} INFO - DAG(s) 'reports_etl_dag' retrieved from /opt/airflow/dags/reports_etl_dag.py
[2026-05-31T05:53:34.058+0000] {logging_mixin.py:188} INFO - [2026-05-31T05:53:34.058+0000] {dag.py:3036} INFO - Sync 1 DAGs
[2026-05-31T05:53:34.100+0000] {logging_mixin.py:188} INFO - [2026-05-31T05:53:34.100+0000] {dag.py:3823} INFO - Setting next_dagrun for reports_etl_dag to 2026-05-30 02:00:00+00:00, run_after=2026-05-31 02:00:00+00:00
[2026-05-31T05:53:34.179+0000] {processor.py:183} INFO - Processing /opt/airflow/dags/reports_etl_dag.py took 0.353 seconds
[2026-05-31T05:54:08.687+0000] {processor.py:161} INFO - Started process (PID=182) to work on /opt/airflow/dags/reports_etl_dag.py
[2026-05-31T05:54:08.689+0000] {processor.py:830} INFO - Processing file /opt/airflow/dags/reports_etl_dag.py for tasks to queue
[2026-05-31T05:54:08.691+0000] {logging_mixin.py:188} INFO - [2026-05-31T05:54:08.691+0000] {dagbag.py:538} INFO - Filling up the DagBag from /opt/airflow/dags/reports_etl_dag.py
[2026-05-31T05:53:53.345+0000] {processor.py:840} INFO - DAG(s) 'reports_etl_dag' retrieved from /opt/airflow/dags/reports_etl_dag.py
[2026-05-31T05:53:53.385+0000] {logging_mixin.py:188} INFO - [2026-05-31T05:53:53.385+0000] {dag.py:3036} INFO - Sync 1 DAGs
[2026-05-31T05:53:53.417+0000] {logging_mixin.py:188} INFO - [2026-05-31T05:53:53.417+0000] {dag.py:3823} INFO - Setting next_dagrun for reports_etl_dag to 2026-05-30 02:00:00+00:00, run_after=2026-05-31 02:00:00+00:00
[2026-05-31T05:53:53.470+0000] {processor.py:183} INFO - Processing /opt/airflow/dags/reports_etl_dag.py took 0.413 seconds
[2026-05-31T05:54:23.610+0000] {processor.py:161} INFO - Started process (PID=187) to work on /opt/airflow/dags/reports_etl_dag.py
[2026-05-31T05:54:23.612+0000] {processor.py:830} INFO - Processing file /opt/airflow/dags/reports_etl_dag.py for tasks to queue
[2026-05-31T05:54:23.614+0000] {logging_mixin.py:188} INFO - [2026-05-31T05:54:23.613+0000] {dagbag.py:538} INFO - Filling up the DagBag from /opt/airflow/dags/reports_etl_dag.py
[2026-05-31T05:54:23.861+0000] {processor.py:840} INFO - DAG(s) 'reports_etl_dag' retrieved from /opt/airflow/dags/reports_etl_dag.py
[2026-05-31T05:54:23.903+0000] {logging_mixin.py:188} INFO - [2026-05-31T05:54:23.902+0000] {dag.py:3036} INFO - Sync 1 DAGs
[2026-05-31T05:54:23.936+0000] {logging_mixin.py:188} INFO - [2026-05-31T05:54:23.935+0000] {dag.py:3823} INFO - Setting next_dagrun for reports_etl_dag to 2026-05-30 02:00:00+00:00, run_after=2026-05-31 02:00:00+00:00
[2026-05-31T05:54:23.970+0000] {processor.py:183} INFO - Processing /opt/airflow/dags/reports_etl_dag.py took 0.364 seconds
[2026-05-31T05:54:58.862+0000] {processor.py:161} INFO - Started process (PID=192) to work on /opt/airflow/dags/reports_etl_dag.py
[2026-05-31T05:54:58.865+0000] {processor.py:830} INFO - Processing file /opt/airflow/dags/reports_etl_dag.py for tasks to queue
[2026-05-31T05:54:58.878+0000] {logging_mixin.py:188} INFO - [2026-05-31T05:54:58.878+0000] {dagbag.py:538} INFO - Filling up the DagBag from /opt/airflow/dags/reports_etl_dag.py
[2026-05-31T05:54:43.552+0000] {processor.py:840} INFO - DAG(s) 'reports_etl_dag' retrieved from /opt/airflow/dags/reports_etl_dag.py
[2026-05-31T05:54:43.606+0000] {logging_mixin.py:188} INFO - [2026-05-31T05:54:43.606+0000] {dag.py:3036} INFO - Sync 1 DAGs
[2026-05-31T05:54:43.644+0000] {logging_mixin.py:188} INFO - [2026-05-31T05:54:43.644+0000] {dag.py:3823} INFO - Setting next_dagrun for reports_etl_dag to 2026-05-30 02:00:00+00:00, run_after=2026-05-31 02:00:00+00:00
[2026-05-31T05:54:43.675+0000] {processor.py:183} INFO - Processing /opt/airflow/dags/reports_etl_dag.py took 0.443 seconds
[2026-05-31T05:55:13.993+0000] {processor.py:161} INFO - Started process (PID=197) to work on /opt/airflow/dags/reports_etl_dag.py
[2026-05-31T05:55:13.996+0000] {processor.py:830} INFO - Processing file /opt/airflow/dags/reports_etl_dag.py for tasks to queue
[2026-05-31T05:55:13.998+0000] {logging_mixin.py:188} INFO - [2026-05-31T05:55:13.998+0000] {dagbag.py:538} INFO - Filling up the DagBag from /opt/airflow/dags/reports_etl_dag.py
[2026-05-31T05:54:58.588+0000] {processor.py:840} INFO - DAG(s) 'reports_etl_dag' retrieved from /opt/airflow/dags/reports_etl_dag.py
[2026-05-31T05:54:58.631+0000] {logging_mixin.py:188} INFO - [2026-05-31T05:54:58.631+0000] {dag.py:3036} INFO - Sync 1 DAGs
[2026-05-31T05:54:58.664+0000] {logging_mixin.py:188} INFO - [2026-05-31T05:54:58.663+0000] {dag.py:3823} INFO - Setting next_dagrun for reports_etl_dag to 2026-05-30 02:00:00+00:00, run_after=2026-05-31 02:00:00+00:00
[2026-05-31T05:54:58.691+0000] {processor.py:183} INFO - Processing /opt/airflow/dags/reports_etl_dag.py took 0.335 seconds
[2026-05-31T05:55:13.468+0000] {processor.py:161} INFO - Started process (PID=202) to work on /opt/airflow/dags/reports_etl_dag.py
[2026-05-31T05:55:13.469+0000] {processor.py:830} INFO - Processing file /opt/airflow/dags/reports_etl_dag.py for tasks to queue
[2026-05-31T05:55:13.471+0000] {logging_mixin.py:188} INFO - [2026-05-31T05:55:13.471+0000] {dagbag.py:538} INFO - Filling up the DagBag from /opt/airflow/dags/reports_etl_dag.py
[2026-05-31T05:55:13.699+0000] {processor.py:840} INFO - DAG(s) 'reports_etl_dag' retrieved from /opt/airflow/dags/reports_etl_dag.py
[2026-05-31T05:55:13.740+0000] {logging_mixin.py:188} INFO - [2026-05-31T05:55:13.740+0000] {dag.py:3036} INFO - Sync 1 DAGs
[2026-05-31T05:55:13.777+0000] {logging_mixin.py:188} INFO - [2026-05-31T05:55:13.776+0000] {dag.py:3823} INFO - Setting next_dagrun for reports_etl_dag to 2026-05-30 02:00:00+00:00, run_after=2026-05-31 02:00:00+00:00
[2026-05-31T05:55:13.804+0000] {processor.py:183} INFO - Processing /opt/airflow/dags/reports_etl_dag.py took 0.341 seconds
[2026-05-31T05:55:43.543+0000] {processor.py:161} INFO - Started process (PID=207) to work on /opt/airflow/dags/reports_etl_dag.py
[2026-05-31T05:55:43.556+0000] {processor.py:830} INFO - Processing file /opt/airflow/dags/reports_etl_dag.py for tasks to queue
[2026-05-31T05:55:43.573+0000] {logging_mixin.py:188} INFO - [2026-05-31T05:55:43.572+0000] {dagbag.py:538} INFO - Filling up the DagBag from /opt/airflow/dags/reports_etl_dag.py
[2026-05-31T05:55:44.037+0000] {processor.py:840} INFO - DAG(s) 'reports_etl_dag' retrieved from /opt/airflow/dags/reports_etl_dag.py
[2026-05-31T05:55:44.089+0000] {logging_mixin.py:188} INFO - [2026-05-31T05:55:44.088+0000] {dag.py:3036} INFO - Sync 1 DAGs
[2026-05-31T05:55:44.123+0000] {logging_mixin.py:188} INFO - [2026-05-31T05:55:44.123+0000] {dag.py:3823} INFO - Setting next_dagrun for reports_etl_dag to 2026-05-30 02:00:00+00:00, run_after=2026-05-31 02:00:00+00:00
[2026-05-31T05:55:44.155+0000] {processor.py:183} INFO - Processing /opt/airflow/dags/reports_etl_dag.py took 0.620 seconds
[2026-05-31T05:56:19.171+0000] {processor.py:161} INFO - Started process (PID=212) to work on /opt/airflow/dags/reports_etl_dag.py
[2026-05-31T05:56:19.173+0000] {processor.py:830} INFO - Processing file /opt/airflow/dags/reports_etl_dag.py for tasks to queue
[2026-05-31T05:56:19.174+0000] {logging_mixin.py:188} INFO - [2026-05-31T05:56:19.174+0000] {dagbag.py:538} INFO - Filling up the DagBag from /opt/airflow/dags/reports_etl_dag.py
[2026-05-31T05:56:03.772+0000] {processor.py:840} INFO - DAG(s) 'reports_etl_dag' retrieved from /opt/airflow/dags/reports_etl_dag.py
[2026-05-31T05:56:19.450+0000] {logging_mixin.py:188} INFO - [2026-05-31T05:56:19.450+0000] {dag.py:3036} INFO - Sync 1 DAGs
[2026-05-31T05:56:19.482+0000] {logging_mixin.py:188} INFO - [2026-05-31T05:56:19.482+0000] {dag.py:3823} INFO - Setting next_dagrun for reports_etl_dag to 2026-05-30 02:00:00+00:00, run_after=2026-05-31 02:00:00+00:00
[2026-05-31T05:56:19.512+0000] {processor.py:183} INFO - Processing /opt/airflow/dags/reports_etl_dag.py took 0.348 seconds
[2026-05-31T05:56:49.912+0000] {processor.py:161} INFO - Started process (PID=217) to work on /opt/airflow/dags/reports_etl_dag.py
[2026-05-31T05:56:49.915+0000] {processor.py:830} INFO - Processing file /opt/airflow/dags/reports_etl_dag.py for tasks to queue
[2026-05-31T05:56:49.917+0000] {logging_mixin.py:188} INFO - [2026-05-31T05:56:49.916+0000] {dagbag.py:538} INFO - Filling up the DagBag from /opt/airflow/dags/reports_etl_dag.py
[2026-05-31T05:56:50.234+0000] {processor.py:840} INFO - DAG(s) 'reports_etl_dag' retrieved from /opt/airflow/dags/reports_etl_dag.py
[2026-05-31T05:56:50.298+0000] {logging_mixin.py:188} INFO - [2026-05-31T05:56:50.297+0000] {dag.py:3036} INFO - Sync 1 DAGs
[2026-05-31T05:56:50.376+0000] {logging_mixin.py:188} INFO - [2026-05-31T05:56:50.375+0000] {dag.py:3823} INFO - Setting next_dagrun for reports_etl_dag to 2026-05-30 02:00:00+00:00, run_after=2026-05-31 02:00:00+00:00
[2026-05-31T05:56:50.443+0000] {processor.py:183} INFO - Processing /opt/airflow/dags/reports_etl_dag.py took 0.539 seconds
[2026-05-31T05:57:08.756+0000] {processor.py:161} INFO - Started process (PID=222) to work on /opt/airflow/dags/reports_etl_dag.py
[2026-05-31T05:57:08.758+0000] {processor.py:830} INFO - Processing file /opt/airflow/dags/reports_etl_dag.py for tasks to queue
[2026-05-31T05:57:08.761+0000] {logging_mixin.py:188} INFO - [2026-05-31T05:57:08.759+0000] {dagbag.py:538} INFO - Filling up the DagBag from /opt/airflow/dags/reports_etl_dag.py
[2026-05-31T05:57:09.091+0000] {processor.py:840} INFO - DAG(s) 'reports_etl_dag' retrieved from /opt/airflow/dags/reports_etl_dag.py
[2026-05-31T05:57:09.143+0000] {logging_mixin.py:188} INFO - [2026-05-31T05:57:09.141+0000] {dag.py:3036} INFO - Sync 1 DAGs
[2026-05-31T05:57:09.183+0000] {logging_mixin.py:188} INFO - [2026-05-31T05:57:09.182+0000] {dag.py:3823} INFO - Setting next_dagrun for reports_etl_dag to 2026-05-30 02:00:00+00:00, run_after=2026-05-31 02:00:00+00:00
[2026-05-31T05:57:09.222+0000] {processor.py:183} INFO - Processing /opt/airflow/dags/reports_etl_dag.py took 0.473 seconds
[2026-05-31T05:57:49.699+0000] {processor.py:161} INFO - Started process (PID=227) to work on /opt/airflow/dags/reports_etl_dag.py
[2026-05-31T05:57:49.700+0000] {processor.py:830} INFO - Processing file /opt/airflow/dags/reports_etl_dag.py for tasks to queue
[2026-05-31T05:57:49.702+0000] {logging_mixin.py:188} INFO - [2026-05-31T05:57:49.702+0000] {dagbag.py:538} INFO - Filling up the DagBag from /opt/airflow/dags/reports_etl_dag.py
[2026-05-31T05:57:34.273+0000] {processor.py:840} INFO - DAG(s) 'reports_etl_dag' retrieved from /opt/airflow/dags/reports_etl_dag.py
[2026-05-31T05:57:34.309+0000] {logging_mixin.py:188} INFO - [2026-05-31T05:57:34.309+0000] {dag.py:3036} INFO - Sync 1 DAGs
[2026-05-31T05:57:34.336+0000] {logging_mixin.py:188} INFO - [2026-05-31T05:57:34.336+0000] {dag.py:3823} INFO - Setting next_dagrun for reports_etl_dag to 2026-05-30 02:00:00+00:00, run_after=2026-05-31 02:00:00+00:00
[2026-05-31T05:57:34.363+0000] {processor.py:183} INFO - Processing /opt/airflow/dags/reports_etl_dag.py took 0.298 seconds
[2026-05-31T05:58:14.217+0000] {processor.py:161} INFO - Started process (PID=232) to work on /opt/airflow/dags/reports_etl_dag.py
[2026-05-31T05:58:14.219+0000] {processor.py:830} INFO - Processing file /opt/airflow/dags/reports_etl_dag.py for tasks to queue
[2026-05-31T05:58:14.220+0000] {logging_mixin.py:188} INFO - [2026-05-31T05:58:14.220+0000] {dagbag.py:538} INFO - Filling up the DagBag from /opt/airflow/dags/reports_etl_dag.py
[2026-05-31T05:57:58.824+0000] {processor.py:840} INFO - DAG(s) 'reports_etl_dag' retrieved from /opt/airflow/dags/reports_etl_dag.py
[2026-05-31T05:57:58.868+0000] {logging_mixin.py:188} INFO - [2026-05-31T05:57:58.868+0000] {dag.py:3036} INFO - Sync 1 DAGs
[2026-05-31T05:57:58.895+0000] {logging_mixin.py:188} INFO - [2026-05-31T05:57:58.895+0000] {dag.py:3823} INFO - Setting next_dagrun for reports_etl_dag to 2026-05-30 02:00:00+00:00, run_after=2026-05-31 02:00:00+00:00
[2026-05-31T05:57:58.933+0000] {processor.py:183} INFO - Processing /opt/airflow/dags/reports_etl_dag.py took 0.347 seconds
[2026-05-31T05:58:29.362+0000] {processor.py:161} INFO - Started process (PID=237) to work on /opt/airflow/dags/reports_etl_dag.py
[2026-05-31T05:58:29.365+0000] {processor.py:830} INFO - Processing file /opt/airflow/dags/reports_etl_dag.py for tasks to queue
[2026-05-31T05:58:29.369+0000] {logging_mixin.py:188} INFO - [2026-05-31T05:58:29.367+0000] {dagbag.py:538} INFO - Filling up the DagBag from /opt/airflow/dags/reports_etl_dag.py
[2026-05-31T05:58:14.064+0000] {processor.py:840} INFO - DAG(s) 'reports_etl_dag' retrieved from /opt/airflow/dags/reports_etl_dag.py
[2026-05-31T05:58:14.100+0000] {logging_mixin.py:188} INFO - [2026-05-31T05:58:14.100+0000] {dag.py:3036} INFO - Sync 1 DAGs
[2026-05-31T05:58:14.139+0000] {logging_mixin.py:188} INFO - [2026-05-31T05:58:14.138+0000] {dag.py:3823} INFO - Setting next_dagrun for reports_etl_dag to 2026-05-30 02:00:00+00:00, run_after=2026-05-31 02:00:00+00:00
[2026-05-31T05:58:14.167+0000] {processor.py:183} INFO - Processing /opt/airflow/dags/reports_etl_dag.py took 0.439 seconds
[2026-05-31T05:58:45.376+0000] {processor.py:161} INFO - Started process (PID=242) to work on /opt/airflow/dags/reports_etl_dag.py
[2026-05-31T05:58:45.378+0000] {processor.py:830} INFO - Processing file /opt/airflow/dags/reports_etl_dag.py for tasks to queue
[2026-05-31T05:58:45.380+0000] {logging_mixin.py:188} INFO - [2026-05-31T05:58:45.379+0000] {dagbag.py:538} INFO - Filling up the DagBag from /opt/airflow/dags/reports_etl_dag.py
[2026-05-31T05:58:45.806+0000] {processor.py:840} INFO - DAG(s) 'reports_etl_dag' retrieved from /opt/airflow/dags/reports_etl_dag.py
[2026-05-31T05:58:45.942+0000] {logging_mixin.py:188} INFO - [2026-05-31T05:58:45.942+0000] {dag.py:3036} INFO - Sync 1 DAGs
[2026-05-31T05:58:46.027+0000] {logging_mixin.py:188} INFO - [2026-05-31T05:58:46.027+0000] {dag.py:3823} INFO - Setting next_dagrun for reports_etl_dag to 2026-05-30 02:00:00+00:00, run_after=2026-05-31 02:00:00+00:00
[2026-05-31T05:58:46.106+0000] {processor.py:183} INFO - Processing /opt/airflow/dags/reports_etl_dag.py took 0.734 seconds
[2026-05-31T05:59:16.371+0000] {processor.py:161} INFO - Started process (PID=247) to work on /opt/airflow/dags/reports_etl_dag.py
[2026-05-31T05:59:16.374+0000] {processor.py:830} INFO - Processing file /opt/airflow/dags/reports_etl_dag.py for tasks to queue
[2026-05-31T05:59:16.376+0000] {logging_mixin.py:188} INFO - [2026-05-31T05:59:16.375+0000] {dagbag.py:538} INFO - Filling up the DagBag from /opt/airflow/dags/reports_etl_dag.py
[2026-05-31T05:59:16.575+0000] {processor.py:840} INFO - DAG(s) 'reports_etl_dag' retrieved from /opt/airflow/dags/reports_etl_dag.py
[2026-05-31T05:59:16.610+0000] {logging_mixin.py:188} INFO - [2026-05-31T05:59:16.610+0000] {dag.py:3036} INFO - Sync 1 DAGs
[2026-05-31T05:59:16.638+0000] {logging_mixin.py:188} INFO - [2026-05-31T05:59:16.638+0000] {dag.py:3823} INFO - Setting next_dagrun for reports_etl_dag to 2026-05-30 02:00:00+00:00, run_after=2026-05-31 02:00:00+00:00
[2026-05-31T05:59:16.664+0000] {processor.py:183} INFO - Processing /opt/airflow/dags/reports_etl_dag.py took 0.298 seconds
[2026-05-31T05:59:49.704+0000] {processor.py:161} INFO - Started process (PID=252) to work on /opt/airflow/dags/reports_etl_dag.py
[2026-05-31T05:59:49.706+0000] {processor.py:830} INFO - Processing file /opt/airflow/dags/reports_etl_dag.py for tasks to queue
[2026-05-31T05:59:49.707+0000] {logging_mixin.py:188} INFO - [2026-05-31T05:59:49.707+0000] {dagbag.py:538} INFO - Filling up the DagBag from /opt/airflow/dags/reports_etl_dag.py
[2026-05-31T05:59:34.477+0000] {processor.py:840} INFO - DAG(s) 'reports_etl_dag' retrieved from /opt/airflow/dags/reports_etl_dag.py
[2026-05-31T05:59:34.651+0000] {logging_mixin.py:188} INFO - [2026-05-31T05:59:34.650+0000] {dag.py:3036} INFO - Sync 1 DAGs
[2026-05-31T05:59:34.766+0000] {logging_mixin.py:188} INFO - [2026-05-31T05:59:34.766+0000] {dag.py:3823} INFO - Setting next_dagrun for reports_etl_dag to 2026-05-30 02:00:00+00:00, run_after=2026-05-31 02:00:00+00:00
[2026-05-31T05:59:35.002+0000] {processor.py:183} INFO - Processing /opt/airflow/dags/reports_etl_dag.py took 0.933 seconds
[2026-05-31T06:00:05.412+0000] {processor.py:161} INFO - Started process (PID=257) to work on /opt/airflow/dags/reports_etl_dag.py
[2026-05-31T06:00:05.415+0000] {processor.py:830} INFO - Processing file /opt/airflow/dags/reports_etl_dag.py for tasks to queue
[2026-05-31T06:00:05.421+0000] {logging_mixin.py:188} INFO - [2026-05-31T06:00:05.420+0000] {dagbag.py:538} INFO - Filling up the DagBag from /opt/airflow/dags/reports_etl_dag.py
[2026-05-31T06:00:05.887+0000] {processor.py:840} INFO - DAG(s) 'reports_etl_dag' retrieved from /opt/airflow/dags/reports_etl_dag.py
[2026-05-31T06:00:05.955+0000] {logging_mixin.py:188} INFO - [2026-05-31T06:00:05.955+0000] {dag.py:3036} INFO - Sync 1 DAGs
[2026-05-31T06:00:05.990+0000] {logging_mixin.py:188} INFO - [2026-05-31T06:00:05.989+0000] {dag.py:3823} INFO - Setting next_dagrun for reports_etl_dag to 2026-05-30 02:00:00+00:00, run_after=2026-05-31 02:00:00+00:00
[2026-05-31T06:00:06.033+0000] {processor.py:183} INFO - Processing /opt/airflow/dags/reports_etl_dag.py took 0.626 seconds
[2026-05-31T06:00:49.581+0000] {processor.py:161} INFO - Started process (PID=262) to work on /opt/airflow/dags/reports_etl_dag.py
[2026-05-31T06:00:49.582+0000] {processor.py:830} INFO - Processing file /opt/airflow/dags/reports_etl_dag.py for tasks to queue
[2026-05-31T06:00:49.584+0000] {logging_mixin.py:188} INFO - [2026-05-31T06:00:49.583+0000] {dagbag.py:538} INFO - Filling up the DagBag from /opt/airflow/dags/reports_etl_dag.py
[2026-05-31T06:00:34.146+0000] {processor.py:840} INFO - DAG(s) 'reports_etl_dag' retrieved from /opt/airflow/dags/reports_etl_dag.py
[2026-05-31T06:00:34.189+0000] {logging_mixin.py:188} INFO - [2026-05-31T06:00:34.189+0000] {dag.py:3036} INFO - Sync 1 DAGs
[2026-05-31T06:00:34.217+0000] {logging_mixin.py:188} INFO - [2026-05-31T06:00:34.216+0000] {dag.py:3823} INFO - Setting next_dagrun for reports_etl_dag to 2026-05-30 02:00:00+00:00, run_after=2026-05-31 02:00:00+00:00
[2026-05-31T06:00:34.242+0000] {processor.py:183} INFO - Processing /opt/airflow/dags/reports_etl_dag.py took 0.297 seconds
[2026-05-31T06:01:04.868+0000] {processor.py:161} INFO - Started process (PID=267) to work on /opt/airflow/dags/reports_etl_dag.py
[2026-05-31T06:01:04.869+0000] {processor.py:830} INFO - Processing file /opt/airflow/dags/reports_etl_dag.py for tasks to queue
[2026-05-31T06:01:04.871+0000] {logging_mixin.py:188} INFO - [2026-05-31T06:01:04.870+0000] {dagbag.py:538} INFO - Filling up the DagBag from /opt/airflow/dags/reports_etl_dag.py
[2026-05-31T06:00:49.461+0000] {processor.py:840} INFO - DAG(s) 'reports_etl_dag' retrieved from /opt/airflow/dags/reports_etl_dag.py
[2026-05-31T06:00:49.498+0000] {logging_mixin.py:188} INFO - [2026-05-31T06:00:49.498+0000] {dag.py:3036} INFO - Sync 1 DAGs
[2026-05-31T06:00:49.528+0000] {logging_mixin.py:188} INFO - [2026-05-31T06:00:49.527+0000] {dag.py:3823} INFO - Setting next_dagrun for reports_etl_dag to 2026-05-30 02:00:00+00:00, run_after=2026-05-31 02:00:00+00:00
[2026-05-31T06:00:49.557+0000] {processor.py:183} INFO - Processing /opt/airflow/dags/reports_etl_dag.py took 0.327 seconds
[2026-05-31T06:01:19.747+0000] {processor.py:161} INFO - Started process (PID=272) to work on /opt/airflow/dags/reports_etl_dag.py
[2026-05-31T06:01:19.750+0000] {processor.py:830} INFO - Processing file /opt/airflow/dags/reports_etl_dag.py for tasks to queue
[2026-05-31T06:01:19.753+0000] {logging_mixin.py:188} INFO - [2026-05-31T06:01:19.752+0000] {dagbag.py:538} INFO - Filling up the DagBag from /opt/airflow/dags/reports_etl_dag.py
[2026-05-31T06:01:04.366+0000] {processor.py:840} INFO - DAG(s) 'reports_etl_dag' retrieved from /opt/airflow/dags/reports_etl_dag.py
[2026-05-31T06:01:04.409+0000] {logging_mixin.py:188} INFO - [2026-05-31T06:01:04.409+0000] {dag.py:3036} INFO - Sync 1 DAGs
[2026-05-31T06:01:04.438+0000] {logging_mixin.py:188} INFO - [2026-05-31T06:01:04.438+0000] {dag.py:3823} INFO - Setting next_dagrun for reports_etl_dag to 2026-05-30 02:00:00+00:00, run_after=2026-05-31 02:00:00+00:00
[2026-05-31T06:01:04.470+0000] {processor.py:183} INFO - Processing /opt/airflow/dags/reports_etl_dag.py took 0.361 seconds
[2026-05-31T06:01:34.595+0000] {processor.py:161} INFO - Started process (PID=277) to work on /opt/airflow/dags/reports_etl_dag.py
[2026-05-31T06:01:34.603+0000] {processor.py:830} INFO - Processing file /opt/airflow/dags/reports_etl_dag.py for tasks to queue
[2026-05-31T06:01:34.607+0000] {logging_mixin.py:188} INFO - [2026-05-31T06:01:34.605+0000] {dagbag.py:538} INFO - Filling up the DagBag from /opt/airflow/dags/reports_etl_dag.py
[2026-05-31T06:01:34.976+0000] {processor.py:840} INFO - DAG(s) 'reports_etl_dag' retrieved from /opt/airflow/dags/reports_etl_dag.py
[2026-05-31T06:01:35.015+0000] {logging_mixin.py:188} INFO - [2026-05-31T06:01:35.014+0000] {dag.py:3036} INFO - Sync 1 DAGs
[2026-05-31T06:01:35.043+0000] {logging_mixin.py:188} INFO - [2026-05-31T06:01:35.042+0000] {dag.py:3823} INFO - Setting next_dagrun for reports_etl_dag to 2026-05-30 02:00:00+00:00, run_after=2026-05-31 02:00:00+00:00
[2026-05-31T06:01:35.074+0000] {processor.py:183} INFO - Processing /opt/airflow/dags/reports_etl_dag.py took 0.485 seconds
[2026-05-31T06:02:19.811+0000] {processor.py:161} INFO - Started process (PID=282) to work on /opt/airflow/dags/reports_etl_dag.py
[2026-05-31T06:02:19.813+0000] {processor.py:830} INFO - Processing file /opt/airflow/dags/reports_etl_dag.py for tasks to queue
[2026-05-31T06:02:19.814+0000] {logging_mixin.py:188} INFO - [2026-05-31T06:02:19.814+0000] {dagbag.py:538} INFO - Filling up the DagBag from /opt/airflow/dags/reports_etl_dag.py
[2026-05-31T06:02:20.024+0000] {processor.py:840} INFO - DAG(s) 'reports_etl_dag' retrieved from /opt/airflow/dags/reports_etl_dag.py
[2026-05-31T06:02:20.060+0000] {logging_mixin.py:188} INFO - [2026-05-31T06:02:20.059+0000] {dag.py:3036} INFO - Sync 1 DAGs
[2026-05-31T06:02:20.088+0000] {logging_mixin.py:188} INFO - [2026-05-31T06:02:20.088+0000] {dag.py:3823} INFO - Setting next_dagrun for reports_etl_dag to 2026-05-30 02:00:00+00:00, run_after=2026-05-31 02:00:00+00:00
[2026-05-31T06:02:20.117+0000] {processor.py:183} INFO - Processing /opt/airflow/dags/reports_etl_dag.py took 0.309 seconds
[2026-05-31T06:02:34.716+0000] {processor.py:161} INFO - Started process (PID=287) to work on /opt/airflow/dags/reports_etl_dag.py
[2026-05-31T06:02:34.718+0000] {processor.py:830} INFO - Processing file /opt/airflow/dags/reports_etl_dag.py for tasks to queue
[2026-05-31T06:02:34.719+0000] {logging_mixin.py:188} INFO - [2026-05-31T06:02:34.719+0000] {dagbag.py:538} INFO - Filling up the DagBag from /opt/airflow/dags/reports_etl_dag.py
[2026-05-31T06:02:34.956+0000] {processor.py:840} INFO - DAG(s) 'reports_etl_dag' retrieved from /opt/airflow/dags/reports_etl_dag.py
[2026-05-31T06:02:34.993+0000] {logging_mixin.py:188} INFO - [2026-05-31T06:02:34.992+0000] {dag.py:3036} INFO - Sync 1 DAGs
[2026-05-31T06:02:35.022+0000] {logging_mixin.py:188} INFO - [2026-05-31T06:02:35.022+0000] {dag.py:3823} INFO - Setting next_dagrun for reports_etl_dag to 2026-05-30 02:00:00+00:00, run_after=2026-05-31 02:00:00+00:00
[2026-05-31T06:02:35.051+0000] {processor.py:183} INFO - Processing /opt/airflow/dags/reports_etl_dag.py took 0.340 seconds
[2026-05-31T06:03:06.211+0000] {processor.py:161} INFO - Started process (PID=292) to work on /opt/airflow/dags/reports_etl_dag.py
[2026-05-31T06:03:06.215+0000] {processor.py:830} INFO - Processing file /opt/airflow/dags/reports_etl_dag.py for tasks to queue
[2026-05-31T06:03:06.220+0000] {logging_mixin.py:188} INFO - [2026-05-31T06:03:06.219+0000] {dagbag.py:538} INFO - Filling up the DagBag from /opt/airflow/dags/reports_etl_dag.py
[2026-05-31T06:03:07.027+0000] {processor.py:840} INFO - DAG(s) 'reports_etl_dag' retrieved from /opt/airflow/dags/reports_etl_dag.py
[2026-05-31T06:03:07.286+0000] {logging_mixin.py:188} INFO - [2026-05-31T06:03:07.286+0000] {dag.py:3036} INFO - Sync 1 DAGs
[2026-05-31T06:03:07.410+0000] {logging_mixin.py:188} INFO - [2026-05-31T06:03:07.409+0000] {dag.py:3823} INFO - Setting next_dagrun for reports_etl_dag to 2026-05-30 02:00:00+00:00, run_after=2026-05-31 02:00:00+00:00
[2026-05-31T06:03:07.569+0000] {processor.py:183} INFO - Processing /opt/airflow/dags/reports_etl_dag.py took 1.363 seconds
[2026-05-31T06:03:40.622+0000] {processor.py:161} INFO - Started process (PID=297) to work on /opt/airflow/dags/reports_etl_dag.py
[2026-05-31T06:03:40.624+0000] {processor.py:830} INFO - Processing file /opt/airflow/dags/reports_etl_dag.py for tasks to queue
[2026-05-31T06:03:40.626+0000] {logging_mixin.py:188} INFO - [2026-05-31T06:03:40.626+0000] {dagbag.py:538} INFO - Filling up the DagBag from /opt/airflow/dags/reports_etl_dag.py
[2026-05-31T06:03:25.200+0000] {processor.py:840} INFO - DAG(s) 'reports_etl_dag' retrieved from /opt/airflow/dags/reports_etl_dag.py
[2026-05-31T06:03:25.250+0000] {logging_mixin.py:188} INFO - [2026-05-31T06:03:25.249+0000] {dag.py:3036} INFO - Sync 1 DAGs
[2026-05-31T06:03:25.295+0000] {logging_mixin.py:188} INFO - [2026-05-31T06:03:25.294+0000] {dag.py:3823} INFO - Setting next_dagrun for reports_etl_dag to 2026-05-30 02:00:00+00:00, run_after=2026-05-31 02:00:00+00:00
[2026-05-31T06:03:25.347+0000] {processor.py:183} INFO - Processing /opt/airflow/dags/reports_etl_dag.py took 0.361 seconds
[2026-05-31T06:03:55.614+0000] {processor.py:161} INFO - Started process (PID=302) to work on /opt/airflow/dags/reports_etl_dag.py
[2026-05-31T06:03:55.616+0000] {processor.py:830} INFO - Processing file /opt/airflow/dags/reports_etl_dag.py for tasks to queue
[2026-05-31T06:03:55.619+0000] {logging_mixin.py:188} INFO - [2026-05-31T06:03:55.617+0000] {dagbag.py:538} INFO - Filling up the DagBag from /opt/airflow/dags/reports_etl_dag.py
[2026-05-31T06:03:55.848+0000] {processor.py:840} INFO - DAG(s) 'reports_etl_dag' retrieved from /opt/airflow/dags/reports_etl_dag.py
[2026-05-31T06:03:55.892+0000] {logging_mixin.py:188} INFO - [2026-05-31T06:03:55.891+0000] {dag.py:3036} INFO - Sync 1 DAGs
[2026-05-31T06:03:55.935+0000] {logging_mixin.py:188} INFO - [2026-05-31T06:03:55.935+0000] {dag.py:3823} INFO - Setting next_dagrun for reports_etl_dag to 2026-05-30 02:00:00+00:00, run_after=2026-05-31 02:00:00+00:00
[2026-05-31T06:03:56.006+0000] {processor.py:183} INFO - Processing /opt/airflow/dags/reports_etl_dag.py took 0.396 seconds
[2026-05-31T06:04:26.357+0000] {processor.py:161} INFO - Started process (PID=307) to work on /opt/airflow/dags/reports_etl_dag.py
[2026-05-31T06:04:26.360+0000] {processor.py:830} INFO - Processing file /opt/airflow/dags/reports_etl_dag.py for tasks to queue
[2026-05-31T06:04:26.363+0000] {logging_mixin.py:188} INFO - [2026-05-31T06:04:26.361+0000] {dagbag.py:538} INFO - Filling up the DagBag from /opt/airflow/dags/reports_etl_dag.py
[2026-05-31T06:04:26.668+0000] {processor.py:840} INFO - DAG(s) 'reports_etl_dag' retrieved from /opt/airflow/dags/reports_etl_dag.py
[2026-05-31T06:04:26.715+0000] {logging_mixin.py:188} INFO - [2026-05-31T06:04:26.715+0000] {dag.py:3036} INFO - Sync 1 DAGs
[2026-05-31T06:04:26.747+0000] {logging_mixin.py:188} INFO - [2026-05-31T06:04:26.747+0000] {dag.py:3823} INFO - Setting next_dagrun for reports_etl_dag to 2026-05-30 02:00:00+00:00, run_after=2026-05-31 02:00:00+00:00
[2026-05-31T06:04:26.778+0000] {processor.py:183} INFO - Processing /opt/airflow/dags/reports_etl_dag.py took 0.425 seconds
[2026-05-31T06:05:00.803+0000] {processor.py:161} INFO - Started process (PID=312) to work on /opt/airflow/dags/reports_etl_dag.py
[2026-05-31T06:05:00.807+0000] {processor.py:830} INFO - Processing file /opt/airflow/dags/reports_etl_dag.py for tasks to queue
[2026-05-31T06:05:00.809+0000] {logging_mixin.py:188} INFO - [2026-05-31T06:05:00.808+0000] {dagbag.py:538} INFO - Filling up the DagBag from /opt/airflow/dags/reports_etl_dag.py
[2026-05-31T06:04:45.410+0000] {processor.py:840} INFO - DAG(s) 'reports_etl_dag' retrieved from /opt/airflow/dags/reports_etl_dag.py
[2026-05-31T06:04:45.450+0000] {logging_mixin.py:188} INFO - [2026-05-31T06:04:45.450+0000] {dag.py:3036} INFO - Sync 1 DAGs
[2026-05-31T06:04:45.484+0000] {logging_mixin.py:188} INFO - [2026-05-31T06:04:45.483+0000] {dag.py:3823} INFO - Setting next_dagrun for reports_etl_dag to 2026-05-30 02:00:00+00:00, run_after=2026-05-31 02:00:00+00:00
[2026-05-31T06:04:45.515+0000] {processor.py:183} INFO - Processing /opt/airflow/dags/reports_etl_dag.py took 0.350 seconds
[2026-05-31T06:05:20.738+0000] {processor.py:161} INFO - Started process (PID=317) to work on /opt/airflow/dags/reports_etl_dag.py
[2026-05-31T06:05:20.740+0000] {processor.py:830} INFO - Processing file /opt/airflow/dags/reports_etl_dag.py for tasks to queue
[2026-05-31T06:05:20.742+0000] {logging_mixin.py:188} INFO - [2026-05-31T06:05:20.742+0000] {dagbag.py:538} INFO - Filling up the DagBag from /opt/airflow/dags/reports_etl_dag.py
[2026-05-31T06:05:05.457+0000] {processor.py:840} INFO - DAG(s) 'reports_etl_dag' retrieved from /opt/airflow/dags/reports_etl_dag.py
[2026-05-31T06:05:05.504+0000] {logging_mixin.py:188} INFO - [2026-05-31T06:05:05.503+0000] {dag.py:3036} INFO - Sync 1 DAGs
[2026-05-31T06:05:05.545+0000] {logging_mixin.py:188} INFO - [2026-05-31T06:05:05.544+0000] {dag.py:3823} INFO - Setting next_dagrun for reports_etl_dag to 2026-05-30 02:00:00+00:00, run_after=2026-05-31 02:00:00+00:00
[2026-05-31T06:05:05.575+0000] {processor.py:183} INFO - Processing /opt/airflow/dags/reports_etl_dag.py took 0.477 seconds
[2026-05-31T06:05:50.337+0000] {processor.py:161} INFO - Started process (PID=322) to work on /opt/airflow/dags/reports_etl_dag.py
[2026-05-31T06:05:50.343+0000] {processor.py:830} INFO - Processing file /opt/airflow/dags/reports_etl_dag.py for tasks to queue
[2026-05-31T06:05:50.345+0000] {logging_mixin.py:188} INFO - [2026-05-31T06:05:50.345+0000] {dagbag.py:538} INFO - Filling up the DagBag from /opt/airflow/dags/reports_etl_dag.py
[2026-05-31T06:05:34.974+0000] {processor.py:840} INFO - DAG(s) 'reports_etl_dag' retrieved from /opt/airflow/dags/reports_etl_dag.py
[2026-05-31T06:05:35.008+0000] {logging_mixin.py:188} INFO - [2026-05-31T06:05:35.008+0000] {dag.py:3036} INFO - Sync 1 DAGs
[2026-05-31T06:05:35.036+0000] {logging_mixin.py:188} INFO - [2026-05-31T06:05:35.035+0000] {dag.py:3823} INFO - Setting next_dagrun for reports_etl_dag to 2026-05-30 02:00:00+00:00, run_after=2026-05-31 02:00:00+00:00
[2026-05-31T06:05:50.702+0000] {processor.py:183} INFO - Processing /opt/airflow/dags/reports_etl_dag.py took 0.371 seconds
[2026-05-31T06:06:05.438+0000] {processor.py:161} INFO - Started process (PID=327) to work on /opt/airflow/dags/reports_etl_dag.py
[2026-05-31T06:06:05.440+0000] {processor.py:830} INFO - Processing file /opt/airflow/dags/reports_etl_dag.py for tasks to queue
[2026-05-31T06:06:05.441+0000] {logging_mixin.py:188} INFO - [2026-05-31T06:06:05.441+0000] {dagbag.py:538} INFO - Filling up the DagBag from /opt/airflow/dags/reports_etl_dag.py
[2026-05-31T06:06:05.640+0000] {processor.py:840} INFO - DAG(s) 'reports_etl_dag' retrieved from /opt/airflow/dags/reports_etl_dag.py
[2026-05-31T06:06:05.676+0000] {logging_mixin.py:188} INFO - [2026-05-31T06:06:05.676+0000] {dag.py:3036} INFO - Sync 1 DAGs
[2026-05-31T06:06:05.705+0000] {logging_mixin.py:188} INFO - [2026-05-31T06:06:05.705+0000] {dag.py:3823} INFO - Setting next_dagrun for reports_etl_dag to 2026-05-30 02:00:00+00:00, run_after=2026-05-31 02:00:00+00:00
[2026-05-31T06:06:05.733+0000] {processor.py:183} INFO - Processing /opt/airflow/dags/reports_etl_dag.py took 0.301 seconds
[2026-05-31T06:06:50.233+0000] {processor.py:161} INFO - Started process (PID=332) to work on /opt/airflow/dags/reports_etl_dag.py
[2026-05-31T06:06:50.235+0000] {processor.py:830} INFO - Processing file /opt/airflow/dags/reports_etl_dag.py for tasks to queue
[2026-05-31T06:06:50.237+0000] {logging_mixin.py:188} INFO - [2026-05-31T06:06:50.236+0000] {dagbag.py:538} INFO - Filling up the DagBag from /opt/airflow/dags/reports_etl_dag.py
[2026-05-31T06:06:34.871+0000] {processor.py:840} INFO - DAG(s) 'reports_etl_dag' retrieved from /opt/airflow/dags/reports_etl_dag.py
[2026-05-31T06:06:34.974+0000] {logging_mixin.py:188} INFO - [2026-05-31T06:06:34.974+0000] {dag.py:3036} INFO - Sync 1 DAGs
[2026-05-31T06:06:35.033+0000] {logging_mixin.py:188} INFO - [2026-05-31T06:06:35.032+0000] {dag.py:3823} INFO - Setting next_dagrun for reports_etl_dag to 2026-05-30 02:00:00+00:00, run_after=2026-05-31 02:00:00+00:00
[2026-05-31T06:06:35.086+0000] {processor.py:183} INFO - Processing /opt/airflow/dags/reports_etl_dag.py took 0.492 seconds
[2026-05-31T06:30:46.019+0000] {processor.py:161} INFO - Started process (PID=164) to work on /opt/airflow/dags/reports_etl_dag.py
[2026-05-31T06:30:46.024+0000] {processor.py:830} INFO - Processing file /opt/airflow/dags/reports_etl_dag.py for tasks to queue
[2026-05-31T06:30:46.030+0000] {logging_mixin.py:188} INFO - [2026-05-31T06:30:46.030+0000] {dagbag.py:538} INFO - Filling up the DagBag from /opt/airflow/dags/reports_etl_dag.py
[2026-05-31T06:30:46.899+0000] {processor.py:840} INFO - DAG(s) 'reports_etl_dag' retrieved from /opt/airflow/dags/reports_etl_dag.py
[2026-05-31T06:30:47.989+0000] {logging_mixin.py:188} INFO - [2026-05-31T06:30:47.987+0000] {override.py:1769} INFO - Created Permission View: can delete on DAG:reports_etl_dag
[2026-05-31T06:30:48.063+0000] {logging_mixin.py:188} INFO - [2026-05-31T06:30:48.063+0000] {override.py:1769} INFO - Created Permission View: can edit on DAG:reports_etl_dag
[2026-05-31T06:30:48.098+0000] {logging_mixin.py:188} INFO - [2026-05-31T06:30:48.090+0000] {override.py:1769} INFO - Created Permission View: can read on DAG:reports_etl_dag
[2026-05-31T06:30:48.099+0000] {logging_mixin.py:188} INFO - [2026-05-31T06:30:48.099+0000] {dag.py:3036} INFO - Sync 1 DAGs
[2026-05-31T06:30:48.141+0000] {logging_mixin.py:188} INFO - [2026-05-31T06:30:48.140+0000] {dag.py:3058} INFO - Creating ORM DAG for reports_etl_dag
[2026-05-31T06:30:48.162+0000] {logging_mixin.py:188} INFO - [2026-05-31T06:30:48.161+0000] {dag.py:3823} INFO - Setting next_dagrun for reports_etl_dag to 2026-05-30 02:00:00+00:00, run_after=2026-05-31 02:00:00+00:00
[2026-05-31T06:30:48.222+0000] {processor.py:183} INFO - Processing /opt/airflow/dags/reports_etl_dag.py took 2.244 seconds
[2026-05-31T06:31:04.466+0000] {processor.py:161} INFO - Started process (PID=169) to work on /opt/airflow/dags/reports_etl_dag.py
[2026-05-31T06:31:04.480+0000] {processor.py:830} INFO - Processing file /opt/airflow/dags/reports_etl_dag.py for tasks to queue
[2026-05-31T06:31:04.481+0000] {logging_mixin.py:188} INFO - [2026-05-31T06:31:04.481+0000] {dagbag.py:538} INFO - Filling up the DagBag from /opt/airflow/dags/reports_etl_dag.py
[2026-05-31T06:31:20.647+0000] {processor.py:840} INFO - DAG(s) 'reports_etl_dag' retrieved from /opt/airflow/dags/reports_etl_dag.py
[2026-05-31T06:31:20.737+0000] {logging_mixin.py:188} INFO - [2026-05-31T06:31:20.737+0000] {dag.py:3036} INFO - Sync 1 DAGs
[2026-05-31T06:31:20.788+0000] {logging_mixin.py:188} INFO - [2026-05-31T06:31:20.788+0000] {dag.py:3823} INFO - Setting next_dagrun for reports_etl_dag to 2026-05-30 02:00:00+00:00, run_after=2026-05-31 02:00:00+00:00
[2026-05-31T06:31:05.215+0000] {processor.py:183} INFO - Processing /opt/airflow/dags/reports_etl_dag.py took 0.751 seconds
[2026-05-31T06:31:50.670+0000] {processor.py:161} INFO - Started process (PID=174) to work on /opt/airflow/dags/reports_etl_dag.py
[2026-05-31T06:31:50.672+0000] {processor.py:830} INFO - Processing file /opt/airflow/dags/reports_etl_dag.py for tasks to queue
[2026-05-31T06:31:50.673+0000] {logging_mixin.py:188} INFO - [2026-05-31T06:31:50.673+0000] {dagbag.py:538} INFO - Filling up the DagBag from /opt/airflow/dags/reports_etl_dag.py
[2026-05-31T06:31:35.250+0000] {processor.py:840} INFO - DAG(s) 'reports_etl_dag' retrieved from /opt/airflow/dags/reports_etl_dag.py
[2026-05-31T06:31:35.311+0000] {logging_mixin.py:188} INFO - [2026-05-31T06:31:35.311+0000] {dag.py:3036} INFO - Sync 1 DAGs
[2026-05-31T06:31:35.360+0000] {logging_mixin.py:188} INFO - [2026-05-31T06:31:35.358+0000] {dag.py:3823} INFO - Setting next_dagrun for reports_etl_dag to 2026-05-30 02:00:00+00:00, run_after=2026-05-31 02:00:00+00:00
[2026-05-31T06:31:35.450+0000] {processor.py:183} INFO - Processing /opt/airflow/dags/reports_etl_dag.py took 0.426 seconds
[2026-05-31T06:32:05.202+0000] {processor.py:161} INFO - Started process (PID=179) to work on /opt/airflow/dags/reports_etl_dag.py
[2026-05-31T06:32:05.204+0000] {processor.py:830} INFO - Processing file /opt/airflow/dags/reports_etl_dag.py for tasks to queue
[2026-05-31T06:32:05.205+0000] {logging_mixin.py:188} INFO - [2026-05-31T06:32:05.205+0000] {dagbag.py:538} INFO - Filling up the DagBag from /opt/airflow/dags/reports_etl_dag.py
[2026-05-31T06:32:05.408+0000] {processor.py:840} INFO - DAG(s) 'reports_etl_dag' retrieved from /opt/airflow/dags/reports_etl_dag.py
[2026-05-31T06:32:05.444+0000] {logging_mixin.py:188} INFO - [2026-05-31T06:32:05.444+0000] {dag.py:3036} INFO - Sync 1 DAGs
[2026-05-31T06:32:05.472+0000] {logging_mixin.py:188} INFO - [2026-05-31T06:32:05.472+0000] {dag.py:3823} INFO - Setting next_dagrun for reports_etl_dag to 2026-05-30 02:00:00+00:00, run_after=2026-05-31 02:00:00+00:00
[2026-05-31T06:32:05.499+0000] {processor.py:183} INFO - Processing /opt/airflow/dags/reports_etl_dag.py took 0.302 seconds
[2026-05-31T06:32:39.959+0000] {processor.py:161} INFO - Started process (PID=184) to work on /opt/airflow/dags/reports_etl_dag.py
[2026-05-31T06:32:39.961+0000] {processor.py:830} INFO - Processing file /opt/airflow/dags/reports_etl_dag.py for tasks to queue
[2026-05-31T06:32:39.963+0000] {logging_mixin.py:188} INFO - [2026-05-31T06:32:39.962+0000] {dagbag.py:538} INFO - Filling up the DagBag from /opt/airflow/dags/reports_etl_dag.py
[2026-05-31T06:32:40.161+0000] {processor.py:840} INFO - DAG(s) 'reports_etl_dag' retrieved from /opt/airflow/dags/reports_etl_dag.py
[2026-05-31T06:32:40.196+0000] {logging_mixin.py:188} INFO - [2026-05-31T06:32:40.196+0000] {dag.py:3036} INFO - Sync 1 DAGs
[2026-05-31T06:32:24.578+0000] {logging_mixin.py:188} INFO - [2026-05-31T06:32:24.578+0000] {dag.py:3823} INFO - Setting next_dagrun for reports_etl_dag to 2026-05-30 02:00:00+00:00, run_after=2026-05-31 02:00:00+00:00
[2026-05-31T06:32:24.605+0000] {processor.py:183} INFO - Processing /opt/airflow/dags/reports_etl_dag.py took 0.300 seconds
[2026-05-31T06:32:55.069+0000] {processor.py:161} INFO - Started process (PID=189) to work on /opt/airflow/dags/reports_etl_dag.py
[2026-05-31T06:32:55.072+0000] {processor.py:830} INFO - Processing file /opt/airflow/dags/reports_etl_dag.py for tasks to queue
[2026-05-31T06:32:55.074+0000] {logging_mixin.py:188} INFO - [2026-05-31T06:32:55.074+0000] {dagbag.py:538} INFO - Filling up the DagBag from /opt/airflow/dags/reports_etl_dag.py
[2026-05-31T06:32:39.709+0000] {processor.py:840} INFO - DAG(s) 'reports_etl_dag' retrieved from /opt/airflow/dags/reports_etl_dag.py
[2026-05-31T06:32:39.754+0000] {logging_mixin.py:188} INFO - [2026-05-31T06:32:39.754+0000] {dag.py:3036} INFO - Sync 1 DAGs
[2026-05-31T06:32:39.796+0000] {logging_mixin.py:188} INFO - [2026-05-31T06:32:39.796+0000] {dag.py:3823} INFO - Setting next_dagrun for reports_etl_dag to 2026-05-30 02:00:00+00:00, run_after=2026-05-31 02:00:00+00:00
[2026-05-31T06:32:39.861+0000] {processor.py:183} INFO - Processing /opt/airflow/dags/reports_etl_dag.py took 0.445 seconds
[2026-05-31T06:33:20.693+0000] {processor.py:161} INFO - Started process (PID=194) to work on /opt/airflow/dags/reports_etl_dag.py
[2026-05-31T06:33:20.694+0000] {processor.py:830} INFO - Processing file /opt/airflow/dags/reports_etl_dag.py for tasks to queue
[2026-05-31T06:33:20.697+0000] {logging_mixin.py:188} INFO - [2026-05-31T06:33:20.696+0000] {dagbag.py:538} INFO - Filling up the DagBag from /opt/airflow/dags/reports_etl_dag.py
[2026-05-31T06:33:05.280+0000] {processor.py:840} INFO - DAG(s) 'reports_etl_dag' retrieved from /opt/airflow/dags/reports_etl_dag.py
[2026-05-31T06:33:05.318+0000] {logging_mixin.py:188} INFO - [2026-05-31T06:33:05.317+0000] {dag.py:3036} INFO - Sync 1 DAGs
[2026-05-31T06:33:05.345+0000] {logging_mixin.py:188} INFO - [2026-05-31T06:33:05.345+0000] {dag.py:3823} INFO - Setting next_dagrun for reports_etl_dag to 2026-05-30 02:00:00+00:00, run_after=2026-05-31 02:00:00+00:00
[2026-05-31T06:33:05.377+0000] {processor.py:183} INFO - Processing /opt/airflow/dags/reports_etl_dag.py took 0.337 seconds
[2026-05-31T06:33:40.200+0000] {processor.py:161} INFO - Started process (PID=199) to work on /opt/airflow/dags/reports_etl_dag.py
[2026-05-31T06:33:40.202+0000] {processor.py:830} INFO - Processing file /opt/airflow/dags/reports_etl_dag.py for tasks to queue
[2026-05-31T06:33:40.203+0000] {logging_mixin.py:188} INFO - [2026-05-31T06:33:40.203+0000] {dagbag.py:538} INFO - Filling up the DagBag from /opt/airflow/dags/reports_etl_dag.py
[2026-05-31T06:33:24.765+0000] {processor.py:840} INFO - DAG(s) 'reports_etl_dag' retrieved from /opt/airflow/dags/reports_etl_dag.py
[2026-05-31T06:33:24.803+0000] {logging_mixin.py:188} INFO - [2026-05-31T06:33:24.803+0000] {dag.py:3036} INFO - Sync 1 DAGs
[2026-05-31T06:33:24.831+0000] {logging_mixin.py:188} INFO - [2026-05-31T06:33:24.831+0000] {dag.py:3823} INFO - Setting next_dagrun for reports_etl_dag to 2026-05-30 02:00:00+00:00, run_after=2026-05-31 02:00:00+00:00
[2026-05-31T06:33:24.859+0000] {processor.py:183} INFO - Processing /opt/airflow/dags/reports_etl_dag.py took 0.306 seconds
[2026-05-31T06:33:55.368+0000] {processor.py:161} INFO - Started process (PID=204) to work on /opt/airflow/dags/reports_etl_dag.py
[2026-05-31T06:33:55.369+0000] {processor.py:830} INFO - Processing file /opt/airflow/dags/reports_etl_dag.py for tasks to queue
[2026-05-31T06:33:39.729+0000] {logging_mixin.py:188} INFO - [2026-05-31T06:33:39.729+0000] {dagbag.py:538} INFO - Filling up the DagBag from /opt/airflow/dags/reports_etl_dag.py
[2026-05-31T06:33:40.043+0000] {processor.py:840} INFO - DAG(s) 'reports_etl_dag' retrieved from /opt/airflow/dags/reports_etl_dag.py
[2026-05-31T06:33:40.079+0000] {logging_mixin.py:188} INFO - [2026-05-31T06:33:40.078+0000] {dag.py:3036} INFO - Sync 1 DAGs
[2026-05-31T06:33:40.105+0000] {logging_mixin.py:188} INFO - [2026-05-31T06:33:40.105+0000] {dag.py:3823} INFO - Setting next_dagrun for reports_etl_dag to 2026-05-30 02:00:00+00:00, run_after=2026-05-31 02:00:00+00:00
[2026-05-31T06:33:40.145+0000] {processor.py:183} INFO - Processing /opt/airflow/dags/reports_etl_dag.py took 0.426 seconds
[2026-05-31T06:34:20.789+0000] {processor.py:161} INFO - Started process (PID=209) to work on /opt/airflow/dags/reports_etl_dag.py
[2026-05-31T06:34:20.791+0000] {processor.py:830} INFO - Processing file /opt/airflow/dags/reports_etl_dag.py for tasks to queue
[2026-05-31T06:34:20.792+0000] {logging_mixin.py:188} INFO - [2026-05-31T06:34:20.792+0000] {dagbag.py:538} INFO - Filling up the DagBag from /opt/airflow/dags/reports_etl_dag.py
[2026-05-31T06:34:05.374+0000] {processor.py:840} INFO - DAG(s) 'reports_etl_dag' retrieved from /opt/airflow/dags/reports_etl_dag.py
[2026-05-31T06:34:05.413+0000] {logging_mixin.py:188} INFO - [2026-05-31T06:34:05.413+0000] {dag.py:3036} INFO - Sync 1 DAGs
[2026-05-31T06:34:05.440+0000] {logging_mixin.py:188} INFO - [2026-05-31T06:34:05.440+0000] {dag.py:3823} INFO - Setting next_dagrun for reports_etl_dag to 2026-05-30 02:00:00+00:00, run_after=2026-05-31 02:00:00+00:00
[2026-05-31T06:34:05.468+0000] {processor.py:183} INFO - Processing /opt/airflow/dags/reports_etl_dag.py took 0.331 seconds
[2026-05-31T06:34:40.318+0000] {processor.py:161} INFO - Started process (PID=214) to work on /opt/airflow/dags/reports_etl_dag.py
[2026-05-31T06:34:40.319+0000] {processor.py:830} INFO - Processing file /opt/airflow/dags/reports_etl_dag.py for tasks to queue
[2026-05-31T06:34:40.321+0000] {logging_mixin.py:188} INFO - [2026-05-31T06:34:40.320+0000] {dagbag.py:538} INFO - Filling up the DagBag from /opt/airflow/dags/reports_etl_dag.py
[2026-05-31T06:34:24.891+0000] {processor.py:840} INFO - DAG(s) 'reports_etl_dag' retrieved from /opt/airflow/dags/reports_etl_dag.py
[2026-05-31T06:34:24.928+0000] {logging_mixin.py:188} INFO - [2026-05-31T06:34:24.928+0000] {dag.py:3036} INFO - Sync 1 DAGs
[2026-05-31T06:34:24.956+0000] {logging_mixin.py:188} INFO - [2026-05-31T06:34:24.956+0000] {dag.py:3823} INFO - Setting next_dagrun for reports_etl_dag to 2026-05-30 02:00:00+00:00, run_after=2026-05-31 02:00:00+00:00
[2026-05-31T06:34:24.993+0000] {processor.py:183} INFO - Processing /opt/airflow/dags/reports_etl_dag.py took 0.319 seconds
[2026-05-31T06:34:55.465+0000] {processor.py:161} INFO - Started process (PID=219) to work on /opt/airflow/dags/reports_etl_dag.py
[2026-05-31T06:34:55.467+0000] {processor.py:830} INFO - Processing file /opt/airflow/dags/reports_etl_dag.py for tasks to queue
[2026-05-31T06:34:55.468+0000] {logging_mixin.py:188} INFO - [2026-05-31T06:34:55.468+0000] {dagbag.py:538} INFO - Filling up the DagBag from /opt/airflow/dags/reports_etl_dag.py
[2026-05-31T06:34:40.081+0000] {processor.py:840} INFO - DAG(s) 'reports_etl_dag' retrieved from /opt/airflow/dags/reports_etl_dag.py
[2026-05-31T06:34:40.120+0000] {logging_mixin.py:188} INFO - [2026-05-31T06:34:40.120+0000] {dag.py:3036} INFO - Sync 1 DAGs
[2026-05-31T06:34:40.148+0000] {logging_mixin.py:188} INFO - [2026-05-31T06:34:40.148+0000] {dag.py:3823} INFO - Setting next_dagrun for reports_etl_dag to 2026-05-30 02:00:00+00:00, run_after=2026-05-31 02:00:00+00:00
[2026-05-31T06:34:40.175+0000] {processor.py:183} INFO - Processing /opt/airflow/dags/reports_etl_dag.py took 0.357 seconds
[2026-05-31T06:35:10.368+0000] {processor.py:161} INFO - Started process (PID=224) to work on /opt/airflow/dags/reports_etl_dag.py
[2026-05-31T06:35:10.370+0000] {processor.py:830} INFO - Processing file /opt/airflow/dags/reports_etl_dag.py for tasks to queue
[2026-05-31T06:35:10.372+0000] {logging_mixin.py:188} INFO - [2026-05-31T06:35:10.371+0000] {dagbag.py:538} INFO - Filling up the DagBag from /opt/airflow/dags/reports_etl_dag.py
[2026-05-31T06:35:10.575+0000] {processor.py:840} INFO - DAG(s) 'reports_etl_dag' retrieved from /opt/airflow/dags/reports_etl_dag.py
[2026-05-31T06:35:10.610+0000] {logging_mixin.py:188} INFO - [2026-05-31T06:35:10.609+0000] {dag.py:3036} INFO - Sync 1 DAGs
[2026-05-31T06:35:10.637+0000] {logging_mixin.py:188} INFO - [2026-05-31T06:35:10.637+0000] {dag.py:3823} INFO - Setting next_dagrun for reports_etl_dag to 2026-05-30 02:00:00+00:00, run_after=2026-05-31 02:00:00+00:00
[2026-05-31T06:35:10.674+0000] {processor.py:183} INFO - Processing /opt/airflow/dags/reports_etl_dag.py took 0.312 seconds
[2026-05-31T06:35:45.569+0000] {processor.py:161} INFO - Started process (PID=229) to work on /opt/airflow/dags/reports_etl_dag.py
[2026-05-31T06:35:45.572+0000] {processor.py:830} INFO - Processing file /opt/airflow/dags/reports_etl_dag.py for tasks to queue
[2026-05-31T06:35:45.574+0000] {logging_mixin.py:188} INFO - [2026-05-31T06:35:45.573+0000] {dagbag.py:538} INFO - Filling up the DagBag from /opt/airflow/dags/reports_etl_dag.py
[2026-05-31T06:35:30.133+0000] {processor.py:840} INFO - DAG(s) 'reports_etl_dag' retrieved from /opt/airflow/dags/reports_etl_dag.py
[2026-05-31T06:35:30.168+0000] {logging_mixin.py:188} INFO - [2026-05-31T06:35:30.168+0000] {dag.py:3036} INFO - Sync 1 DAGs
[2026-05-31T06:35:30.198+0000] {logging_mixin.py:188} INFO - [2026-05-31T06:35:30.197+0000] {dag.py:3823} INFO - Setting next_dagrun for reports_etl_dag to 2026-05-30 02:00:00+00:00, run_after=2026-05-31 02:00:00+00:00
[2026-05-31T06:35:30.235+0000] {processor.py:183} INFO - Processing /opt/airflow/dags/reports_etl_dag.py took 0.315 seconds
[2026-05-31T06:35:45.030+0000] {processor.py:161} INFO - Started process (PID=234) to work on /opt/airflow/dags/reports_etl_dag.py
[2026-05-31T06:35:45.033+0000] {processor.py:830} INFO - Processing file /opt/airflow/dags/reports_etl_dag.py for tasks to queue
[2026-05-31T06:35:45.036+0000] {logging_mixin.py:188} INFO - [2026-05-31T06:35:45.035+0000] {dagbag.py:538} INFO - Filling up the DagBag from /opt/airflow/dags/reports_etl_dag.py
[2026-05-31T06:35:45.378+0000] {processor.py:840} INFO - DAG(s) 'reports_etl_dag' retrieved from /opt/airflow/dags/reports_etl_dag.py
[2026-05-31T06:35:45.415+0000] {logging_mixin.py:188} INFO - [2026-05-31T06:35:45.415+0000] {dag.py:3036} INFO - Sync 1 DAGs
[2026-05-31T06:35:45.443+0000] {logging_mixin.py:188} INFO - [2026-05-31T06:35:45.443+0000] {dag.py:3823} INFO - Setting next_dagrun for reports_etl_dag to 2026-05-30 02:00:00+00:00, run_after=2026-05-31 02:00:00+00:00
[2026-05-31T06:35:45.476+0000] {processor.py:183} INFO - Processing /opt/airflow/dags/reports_etl_dag.py took 0.453 seconds
[2026-05-31T06:36:15.620+0000] {processor.py:161} INFO - Started process (PID=239) to work on /opt/airflow/dags/reports_etl_dag.py
[2026-05-31T06:36:15.622+0000] {processor.py:830} INFO - Processing file /opt/airflow/dags/reports_etl_dag.py for tasks to queue
[2026-05-31T06:36:15.623+0000] {logging_mixin.py:188} INFO - [2026-05-31T06:36:15.623+0000] {dagbag.py:538} INFO - Filling up the DagBag from /opt/airflow/dags/reports_etl_dag.py
[2026-05-31T06:36:15.822+0000] {processor.py:840} INFO - DAG(s) 'reports_etl_dag' retrieved from /opt/airflow/dags/reports_etl_dag.py
[2026-05-31T06:36:15.859+0000] {logging_mixin.py:188} INFO - [2026-05-31T06:36:15.859+0000] {dag.py:3036} INFO - Sync 1 DAGs
[2026-05-31T06:36:15.886+0000] {logging_mixin.py:188} INFO - [2026-05-31T06:36:15.886+0000] {dag.py:3823} INFO - Setting next_dagrun for reports_etl_dag to 2026-05-30 02:00:00+00:00, run_after=2026-05-31 02:00:00+00:00
[2026-05-31T06:36:15.911+0000] {processor.py:183} INFO - Processing /opt/airflow/dags/reports_etl_dag.py took 0.295 seconds
[2026-05-31T06:36:50.721+0000] {processor.py:161} INFO - Started process (PID=244) to work on /opt/airflow/dags/reports_etl_dag.py
[2026-05-31T06:36:50.722+0000] {processor.py:830} INFO - Processing file /opt/airflow/dags/reports_etl_dag.py for tasks to queue
[2026-05-31T06:36:50.725+0000] {logging_mixin.py:188} INFO - [2026-05-31T06:36:50.724+0000] {dagbag.py:538} INFO - Filling up the DagBag from /opt/airflow/dags/reports_etl_dag.py
[2026-05-31T06:36:35.316+0000] {processor.py:840} INFO - DAG(s) 'reports_etl_dag' retrieved from /opt/airflow/dags/reports_etl_dag.py
[2026-05-31T06:36:35.356+0000] {logging_mixin.py:188} INFO - [2026-05-31T06:36:35.356+0000] {dag.py:3036} INFO - Sync 1 DAGs
[2026-05-31T06:36:35.383+0000] {logging_mixin.py:188} INFO - [2026-05-31T06:36:35.383+0000] {dag.py:3823} INFO - Setting next_dagrun for reports_etl_dag to 2026-05-30 02:00:00+00:00, run_after=2026-05-31 02:00:00+00:00
[2026-05-31T06:36:35.411+0000] {processor.py:183} INFO - Processing /opt/airflow/dags/reports_etl_dag.py took 0.337 seconds
[2026-05-31T06:37:05.814+0000] {processor.py:161} INFO - Started process (PID=249) to work on /opt/airflow/dags/reports_etl_dag.py
[2026-05-31T06:37:05.816+0000] {processor.py:830} INFO - Processing file /opt/airflow/dags/reports_etl_dag.py for tasks to queue
[2026-05-31T06:37:05.817+0000] {logging_mixin.py:188} INFO - [2026-05-31T06:37:05.817+0000] {dagbag.py:538} INFO - Filling up the DagBag from /opt/airflow/dags/reports_etl_dag.py
[2026-05-31T06:36:50.373+0000] {processor.py:840} INFO - DAG(s) 'reports_etl_dag' retrieved from /opt/airflow/dags/reports_etl_dag.py
[2026-05-31T06:36:50.414+0000] {logging_mixin.py:188} INFO - [2026-05-31T06:36:50.414+0000] {dag.py:3036} INFO - Sync 1 DAGs
[2026-05-31T06:36:50.444+0000] {logging_mixin.py:188} INFO - [2026-05-31T06:36:50.444+0000] {dag.py:3823} INFO - Setting next_dagrun for reports_etl_dag to 2026-05-30 02:00:00+00:00, run_after=2026-05-31 02:00:00+00:00
[2026-05-31T06:36:50.474+0000] {processor.py:183} INFO - Processing /opt/airflow/dags/reports_etl_dag.py took 0.310 seconds
[2026-05-31T06:37:05.265+0000] {processor.py:161} INFO - Started process (PID=254) to work on /opt/airflow/dags/reports_etl_dag.py
[2026-05-31T06:37:05.267+0000] {processor.py:830} INFO - Processing file /opt/airflow/dags/reports_etl_dag.py for tasks to queue
[2026-05-31T06:37:05.269+0000] {logging_mixin.py:188} INFO - [2026-05-31T06:37:05.268+0000] {dagbag.py:538} INFO - Filling up the DagBag from /opt/airflow/dags/reports_etl_dag.py
[2026-05-31T06:37:05.475+0000] {processor.py:840} INFO - DAG(s) 'reports_etl_dag' retrieved from /opt/airflow/dags/reports_etl_dag.py
[2026-05-31T06:37:05.515+0000] {logging_mixin.py:188} INFO - [2026-05-31T06:37:05.515+0000] {dag.py:3036} INFO - Sync 1 DAGs
[2026-05-31T06:37:05.544+0000] {logging_mixin.py:188} INFO - [2026-05-31T06:37:05.544+0000] {dag.py:3823} INFO - Setting next_dagrun for reports_etl_dag to 2026-05-30 02:00:00+00:00, run_after=2026-05-31 02:00:00+00:00
[2026-05-31T06:37:05.573+0000] {processor.py:183} INFO - Processing /opt/airflow/dags/reports_etl_dag.py took 0.312 seconds
[2026-05-31T06:37:35.815+0000] {processor.py:161} INFO - Started process (PID=259) to work on /opt/airflow/dags/reports_etl_dag.py
[2026-05-31T06:37:35.816+0000] {processor.py:830} INFO - Processing file /opt/airflow/dags/reports_etl_dag.py for tasks to queue
[2026-05-31T06:37:35.819+0000] {logging_mixin.py:188} INFO - [2026-05-31T06:37:35.818+0000] {dagbag.py:538} INFO - Filling up the DagBag from /opt/airflow/dags/reports_etl_dag.py
[2026-05-31T06:37:36.030+0000] {processor.py:840} INFO - DAG(s) 'reports_etl_dag' retrieved from /opt/airflow/dags/reports_etl_dag.py
[2026-05-31T06:37:36.071+0000] {logging_mixin.py:188} INFO - [2026-05-31T06:37:36.070+0000] {dag.py:3036} INFO - Sync 1 DAGs
[2026-05-31T06:37:36.101+0000] {logging_mixin.py:188} INFO - [2026-05-31T06:37:36.100+0000] {dag.py:3823} INFO - Setting next_dagrun for reports_etl_dag to 2026-05-30 02:00:00+00:00, run_after=2026-05-31 02:00:00+00:00
[2026-05-31T06:37:36.133+0000] {processor.py:183} INFO - Processing /opt/airflow/dags/reports_etl_dag.py took 0.322 seconds
[2026-05-31T06:38:10.966+0000] {processor.py:161} INFO - Started process (PID=264) to work on /opt/airflow/dags/reports_etl_dag.py
[2026-05-31T06:38:10.967+0000] {processor.py:830} INFO - Processing file /opt/airflow/dags/reports_etl_dag.py for tasks to queue
[2026-05-31T06:38:10.969+0000] {logging_mixin.py:188} INFO - [2026-05-31T06:38:10.968+0000] {dagbag.py:538} INFO - Filling up the DagBag from /opt/airflow/dags/reports_etl_dag.py
[2026-05-31T06:37:55.545+0000] {processor.py:840} INFO - DAG(s) 'reports_etl_dag' retrieved from /opt/airflow/dags/reports_etl_dag.py
[2026-05-31T06:37:55.588+0000] {logging_mixin.py:188} INFO - [2026-05-31T06:37:55.588+0000] {dag.py:3036} INFO - Sync 1 DAGs
[2026-05-31T06:37:55.619+0000] {logging_mixin.py:188} INFO - [2026-05-31T06:37:55.619+0000] {dag.py:3823} INFO - Setting next_dagrun for reports_etl_dag to 2026-05-30 02:00:00+00:00, run_after=2026-05-31 02:00:00+00:00
[2026-05-31T06:37:55.646+0000] {processor.py:183} INFO - Processing /opt/airflow/dags/reports_etl_dag.py took 0.316 seconds
[2026-05-31T06:38:10.412+0000] {processor.py:161} INFO - Started process (PID=269) to work on /opt/airflow/dags/reports_etl_dag.py
[2026-05-31T06:38:10.414+0000] {processor.py:830} INFO - Processing file /opt/airflow/dags/reports_etl_dag.py for tasks to queue
[2026-05-31T06:38:10.416+0000] {logging_mixin.py:188} INFO - [2026-05-31T06:38:10.415+0000] {dagbag.py:538} INFO - Filling up the DagBag from /opt/airflow/dags/reports_etl_dag.py
[2026-05-31T06:38:10.621+0000] {processor.py:840} INFO - DAG(s) 'reports_etl_dag' retrieved from /opt/airflow/dags/reports_etl_dag.py
[2026-05-31T06:38:10.658+0000] {logging_mixin.py:188} INFO - [2026-05-31T06:38:10.658+0000] {dag.py:3036} INFO - Sync 1 DAGs
[2026-05-31T06:38:10.689+0000] {logging_mixin.py:188} INFO - [2026-05-31T06:38:10.689+0000] {dag.py:3823} INFO - Setting next_dagrun for reports_etl_dag to 2026-05-30 02:00:00+00:00, run_after=2026-05-31 02:00:00+00:00
[2026-05-31T06:38:10.716+0000] {processor.py:183} INFO - Processing /opt/airflow/dags/reports_etl_dag.py took 0.309 seconds
[2026-05-31T06:38:40.947+0000] {processor.py:161} INFO - Started process (PID=274) to work on /opt/airflow/dags/reports_etl_dag.py
[2026-05-31T06:38:40.949+0000] {processor.py:830} INFO - Processing file /opt/airflow/dags/reports_etl_dag.py for tasks to queue
[2026-05-31T06:38:40.950+0000] {logging_mixin.py:188} INFO - [2026-05-31T06:38:40.950+0000] {dagbag.py:538} INFO - Filling up the DagBag from /opt/airflow/dags/reports_etl_dag.py
[2026-05-31T06:38:41.165+0000] {processor.py:840} INFO - DAG(s) 'reports_etl_dag' retrieved from /opt/airflow/dags/reports_etl_dag.py
[2026-05-31T06:38:41.207+0000] {logging_mixin.py:188} INFO - [2026-05-31T06:38:41.207+0000] {dag.py:3036} INFO - Sync 1 DAGs
[2026-05-31T06:38:41.248+0000] {logging_mixin.py:188} INFO - [2026-05-31T06:38:41.248+0000] {dag.py:3823} INFO - Setting next_dagrun for reports_etl_dag to 2026-05-30 02:00:00+00:00, run_after=2026-05-31 02:00:00+00:00
[2026-05-31T06:38:41.286+0000] {processor.py:183} INFO - Processing /opt/airflow/dags/reports_etl_dag.py took 0.343 seconds
[2026-05-31T06:39:16.091+0000] {processor.py:161} INFO - Started process (PID=279) to work on /opt/airflow/dags/reports_etl_dag.py
[2026-05-31T06:39:16.093+0000] {processor.py:830} INFO - Processing file /opt/airflow/dags/reports_etl_dag.py for tasks to queue
[2026-05-31T06:39:16.094+0000] {logging_mixin.py:188} INFO - [2026-05-31T06:39:16.094+0000] {dagbag.py:538} INFO - Filling up the DagBag from /opt/airflow/dags/reports_etl_dag.py
[2026-05-31T06:39:00.647+0000] {processor.py:840} INFO - DAG(s) 'reports_etl_dag' retrieved from /opt/airflow/dags/reports_etl_dag.py
[2026-05-31T06:39:00.688+0000] {logging_mixin.py:188} INFO - [2026-05-31T06:39:00.688+0000] {dag.py:3036} INFO - Sync 1 DAGs
[2026-05-31T06:39:00.719+0000] {logging_mixin.py:188} INFO - [2026-05-31T06:39:00.718+0000] {dag.py:3823} INFO - Setting next_dagrun for reports_etl_dag to 2026-05-30 02:00:00+00:00, run_after=2026-05-31 02:00:00+00:00
[2026-05-31T06:39:00.747+0000] {processor.py:183} INFO - Processing /opt/airflow/dags/reports_etl_dag.py took 0.311 seconds
[2026-05-31T06:39:15.550+0000] {processor.py:161} INFO - Started process (PID=284) to work on /opt/airflow/dags/reports_etl_dag.py
[2026-05-31T06:39:15.551+0000] {processor.py:830} INFO - Processing file /opt/airflow/dags/reports_etl_dag.py for tasks to queue
[2026-05-31T06:39:15.553+0000] {logging_mixin.py:188} INFO - [2026-05-31T06:39:15.552+0000] {dagbag.py:538} INFO - Filling up the DagBag from /opt/airflow/dags/reports_etl_dag.py
[2026-05-31T06:39:15.782+0000] {processor.py:840} INFO - DAG(s) 'reports_etl_dag' retrieved from /opt/airflow/dags/reports_etl_dag.py
[2026-05-31T06:39:15.818+0000] {logging_mixin.py:188} INFO - [2026-05-31T06:39:15.818+0000] {dag.py:3036} INFO - Sync 1 DAGs
[2026-05-31T06:39:15.846+0000] {logging_mixin.py:188} INFO - [2026-05-31T06:39:15.845+0000] {dag.py:3823} INFO - Setting next_dagrun for reports_etl_dag to 2026-05-30 02:00:00+00:00, run_after=2026-05-31 02:00:00+00:00
[2026-05-31T06:39:15.878+0000] {processor.py:183} INFO - Processing /opt/airflow/dags/reports_etl_dag.py took 0.333 seconds
[2026-05-31T06:39:50.681+0000] {processor.py:161} INFO - Started process (PID=289) to work on /opt/airflow/dags/reports_etl_dag.py
[2026-05-31T06:39:50.686+0000] {processor.py:830} INFO - Processing file /opt/airflow/dags/reports_etl_dag.py for tasks to queue
[2026-05-31T06:39:50.688+0000] {logging_mixin.py:188} INFO - [2026-05-31T06:39:50.687+0000] {dagbag.py:538} INFO - Filling up the DagBag from /opt/airflow/dags/reports_etl_dag.py
[2026-05-31T06:39:51.046+0000] {processor.py:840} INFO - DAG(s) 'reports_etl_dag' retrieved from /opt/airflow/dags/reports_etl_dag.py
[2026-05-31T06:39:51.092+0000] {logging_mixin.py:188} INFO - [2026-05-31T06:39:51.092+0000] {dag.py:3036} INFO - Sync 1 DAGs
[2026-05-31T06:39:51.122+0000] {logging_mixin.py:188} INFO - [2026-05-31T06:39:51.121+0000] {dag.py:3823} INFO - Setting next_dagrun for reports_etl_dag to 2026-05-30 02:00:00+00:00, run_after=2026-05-31 02:00:00+00:00
[2026-05-31T06:39:51.163+0000] {processor.py:183} INFO - Processing /opt/airflow/dags/reports_etl_dag.py took 0.486 seconds
[2026-05-31T06:40:21.468+0000] {processor.py:161} INFO - Started process (PID=294) to work on /opt/airflow/dags/reports_etl_dag.py
[2026-05-31T06:40:21.472+0000] {processor.py:830} INFO - Processing file /opt/airflow/dags/reports_etl_dag.py for tasks to queue
[2026-05-31T06:40:21.477+0000] {logging_mixin.py:188} INFO - [2026-05-31T06:40:21.477+0000] {dagbag.py:538} INFO - Filling up the DagBag from /opt/airflow/dags/reports_etl_dag.py
[2026-05-31T06:40:21.745+0000] {processor.py:840} INFO - DAG(s) 'reports_etl_dag' retrieved from /opt/airflow/dags/reports_etl_dag.py
[2026-05-31T06:40:21.783+0000] {logging_mixin.py:188} INFO - [2026-05-31T06:40:21.783+0000] {dag.py:3036} INFO - Sync 1 DAGs
[2026-05-31T06:40:21.816+0000] {logging_mixin.py:188} INFO - [2026-05-31T06:40:21.815+0000] {dag.py:3823} INFO - Setting next_dagrun for reports_etl_dag to 2026-05-30 02:00:00+00:00, run_after=2026-05-31 02:00:00+00:00
[2026-05-31T06:40:21.854+0000] {processor.py:183} INFO - Processing /opt/airflow/dags/reports_etl_dag.py took 0.391 seconds
[2026-05-31T06:41:01.288+0000] {processor.py:161} INFO - Started process (PID=299) to work on /opt/airflow/dags/reports_etl_dag.py
[2026-05-31T06:41:01.290+0000] {processor.py:830} INFO - Processing file /opt/airflow/dags/reports_etl_dag.py for tasks to queue
[2026-05-31T06:41:01.291+0000] {logging_mixin.py:188} INFO - [2026-05-31T06:41:01.291+0000] {dagbag.py:538} INFO - Filling up the DagBag from /opt/airflow/dags/reports_etl_dag.py
[2026-05-31T06:40:45.933+0000] {processor.py:840} INFO - DAG(s) 'reports_etl_dag' retrieved from /opt/airflow/dags/reports_etl_dag.py
[2026-05-31T06:40:46.020+0000] {logging_mixin.py:188} INFO - [2026-05-31T06:40:46.016+0000] {dag.py:3036} INFO - Sync 1 DAGs
[2026-05-31T06:40:46.072+0000] {logging_mixin.py:188} INFO - [2026-05-31T06:40:46.071+0000] {dag.py:3823} INFO - Setting next_dagrun for reports_etl_dag to 2026-05-30 02:00:00+00:00, run_after=2026-05-31 02:00:00+00:00
[2026-05-31T06:40:46.119+0000] {processor.py:183} INFO - Processing /opt/airflow/dags/reports_etl_dag.py took 0.490 seconds
[2026-05-31T06:41:16.438+0000] {processor.py:161} INFO - Started process (PID=304) to work on /opt/airflow/dags/reports_etl_dag.py
[2026-05-31T06:41:16.440+0000] {processor.py:830} INFO - Processing file /opt/airflow/dags/reports_etl_dag.py for tasks to queue
[2026-05-31T06:41:16.441+0000] {logging_mixin.py:188} INFO - [2026-05-31T06:41:16.441+0000] {dagbag.py:538} INFO - Filling up the DagBag from /opt/airflow/dags/reports_etl_dag.py
[2026-05-31T06:41:00.995+0000] {processor.py:840} INFO - DAG(s) 'reports_etl_dag' retrieved from /opt/airflow/dags/reports_etl_dag.py
[2026-05-31T06:41:01.034+0000] {logging_mixin.py:188} INFO - [2026-05-31T06:41:01.034+0000] {dag.py:3036} INFO - Sync 1 DAGs
[2026-05-31T06:41:01.062+0000] {logging_mixin.py:188} INFO - [2026-05-31T06:41:01.062+0000] {dag.py:3823} INFO - Setting next_dagrun for reports_etl_dag to 2026-05-30 02:00:00+00:00, run_after=2026-05-31 02:00:00+00:00
[2026-05-31T06:41:01.093+0000] {processor.py:183} INFO - Processing /opt/airflow/dags/reports_etl_dag.py took 0.306 seconds
[2026-05-31T06:41:15.905+0000] {processor.py:161} INFO - Started process (PID=309) to work on /opt/airflow/dags/reports_etl_dag.py
[2026-05-31T06:41:15.906+0000] {processor.py:830} INFO - Processing file /opt/airflow/dags/reports_etl_dag.py for tasks to queue
[2026-05-31T06:41:15.908+0000] {logging_mixin.py:188} INFO - [2026-05-31T06:41:15.907+0000] {dagbag.py:538} INFO - Filling up the DagBag from /opt/airflow/dags/reports_etl_dag.py
[2026-05-31T06:41:16.116+0000] {processor.py:840} INFO - DAG(s) 'reports_etl_dag' retrieved from /opt/airflow/dags/reports_etl_dag.py
[2026-05-31T06:41:16.155+0000] {logging_mixin.py:188} INFO - [2026-05-31T06:41:16.154+0000] {dag.py:3036} INFO - Sync 1 DAGs
[2026-05-31T06:41:16.185+0000] {logging_mixin.py:188} INFO - [2026-05-31T06:41:16.185+0000] {dag.py:3823} INFO - Setting next_dagrun for reports_etl_dag to 2026-05-30 02:00:00+00:00, run_after=2026-05-31 02:00:00+00:00
[2026-05-31T06:41:16.222+0000] {processor.py:183} INFO - Processing /opt/airflow/dags/reports_etl_dag.py took 0.321 seconds
[2026-05-31T06:44:39.072+0000] {processor.py:161} INFO - Started process (PID=162) to work on /opt/airflow/dags/reports_etl_dag.py
[2026-05-31T06:44:39.074+0000] {processor.py:830} INFO - Processing file /opt/airflow/dags/reports_etl_dag.py for tasks to queue
[2026-05-31T06:44:39.076+0000] {logging_mixin.py:188} INFO - [2026-05-31T06:44:39.075+0000] {dagbag.py:538} INFO - Filling up the DagBag from /opt/airflow/dags/reports_etl_dag.py
[2026-05-31T06:44:39.689+0000] {processor.py:840} INFO - DAG(s) 'reports_etl_dag' retrieved from /opt/airflow/dags/reports_etl_dag.py
[2026-05-31T06:44:40.154+0000] {logging_mixin.py:188} INFO - [2026-05-31T06:44:40.153+0000] {override.py:1769} INFO - Created Permission View: can read on DAG:reports_etl_dag
[2026-05-31T06:44:40.183+0000] {logging_mixin.py:188} INFO - [2026-05-31T06:44:40.183+0000] {override.py:1769} INFO - Created Permission View: can delete on DAG:reports_etl_dag
[2026-05-31T06:44:40.207+0000] {logging_mixin.py:188} INFO - [2026-05-31T06:44:40.207+0000] {override.py:1769} INFO - Created Permission View: can edit on DAG:reports_etl_dag
[2026-05-31T06:44:40.208+0000] {logging_mixin.py:188} INFO - [2026-05-31T06:44:40.208+0000] {dag.py:3036} INFO - Sync 1 DAGs
[2026-05-31T06:44:40.223+0000] {logging_mixin.py:188} INFO - [2026-05-31T06:44:40.223+0000] {dag.py:3058} INFO - Creating ORM DAG for reports_etl_dag
[2026-05-31T06:44:40.239+0000] {logging_mixin.py:188} INFO - [2026-05-31T06:44:40.239+0000] {dag.py:3823} INFO - Setting next_dagrun for reports_etl_dag to 2026-05-30 02:00:00+00:00, run_after=2026-05-31 02:00:00+00:00
[2026-05-31T06:44:40.303+0000] {processor.py:183} INFO - Processing /opt/airflow/dags/reports_etl_dag.py took 1.248 seconds
[2026-05-31T06:45:12.293+0000] {processor.py:161} INFO - Started process (PID=167) to work on /opt/airflow/dags/reports_etl_dag.py
[2026-05-31T06:45:12.305+0000] {processor.py:830} INFO - Processing file /opt/airflow/dags/reports_etl_dag.py for tasks to queue
[2026-05-31T06:45:12.309+0000] {logging_mixin.py:188} INFO - [2026-05-31T06:45:12.308+0000] {dagbag.py:538} INFO - Filling up the DagBag from /opt/airflow/dags/reports_etl_dag.py
[2026-05-31T06:44:57.258+0000] {processor.py:840} INFO - DAG(s) 'reports_etl_dag' retrieved from /opt/airflow/dags/reports_etl_dag.py
[2026-05-31T06:44:57.286+0000] {logging_mixin.py:188} INFO - [2026-05-31T06:44:57.286+0000] {dag.py:3036} INFO - Sync 1 DAGs
[2026-05-31T06:44:57.357+0000] {logging_mixin.py:188} INFO - [2026-05-31T06:44:57.353+0000] {dag.py:3823} INFO - Setting next_dagrun for reports_etl_dag to 2026-05-30 02:00:00+00:00, run_after=2026-05-31 02:00:00+00:00
[2026-05-31T06:44:57.423+0000] {processor.py:183} INFO - Processing /opt/airflow/dags/reports_etl_dag.py took 0.789 seconds
[2026-05-31T06:45:27.889+0000] {processor.py:161} INFO - Started process (PID=172) to work on /opt/airflow/dags/reports_etl_dag.py
[2026-05-31T06:45:27.890+0000] {processor.py:830} INFO - Processing file /opt/airflow/dags/reports_etl_dag.py for tasks to queue
[2026-05-31T06:45:27.892+0000] {logging_mixin.py:188} INFO - [2026-05-31T06:45:27.891+0000] {dagbag.py:538} INFO - Filling up the DagBag from /opt/airflow/dags/reports_etl_dag.py
[2026-05-31T06:45:28.146+0000] {processor.py:840} INFO - DAG(s) 'reports_etl_dag' retrieved from /opt/airflow/dags/reports_etl_dag.py
[2026-05-31T06:45:28.181+0000] {logging_mixin.py:188} INFO - [2026-05-31T06:45:28.181+0000] {dag.py:3036} INFO - Sync 1 DAGs
[2026-05-31T06:45:28.209+0000] {logging_mixin.py:188} INFO - [2026-05-31T06:45:28.208+0000] {dag.py:3823} INFO - Setting next_dagrun for reports_etl_dag to 2026-05-30 02:00:00+00:00, run_after=2026-05-31 02:00:00+00:00
[2026-05-31T06:45:28.243+0000] {processor.py:183} INFO - Processing /opt/airflow/dags/reports_etl_dag.py took 0.358 seconds
[2026-05-31T06:45:58.481+0000] {processor.py:161} INFO - Started process (PID=177) to work on /opt/airflow/dags/reports_etl_dag.py
[2026-05-31T06:45:58.483+0000] {processor.py:830} INFO - Processing file /opt/airflow/dags/reports_etl_dag.py for tasks to queue
[2026-05-31T06:45:58.484+0000] {logging_mixin.py:188} INFO - [2026-05-31T06:45:58.484+0000] {dagbag.py:538} INFO - Filling up the DagBag from /opt/airflow/dags/reports_etl_dag.py
[2026-05-31T06:45:58.692+0000] {processor.py:840} INFO - DAG(s) 'reports_etl_dag' retrieved from /opt/airflow/dags/reports_etl_dag.py
[2026-05-31T06:45:58.727+0000] {logging_mixin.py:188} INFO - [2026-05-31T06:45:58.727+0000] {dag.py:3036} INFO - Sync 1 DAGs
[2026-05-31T06:45:58.755+0000] {logging_mixin.py:188} INFO - [2026-05-31T06:45:58.755+0000] {dag.py:3823} INFO - Setting next_dagrun for reports_etl_dag to 2026-05-30 02:00:00+00:00, run_after=2026-05-31 02:00:00+00:00
[2026-05-31T06:45:58.786+0000] {processor.py:183} INFO - Processing /opt/airflow/dags/reports_etl_dag.py took 0.309 seconds
[2026-05-31T06:46:32.585+0000] {processor.py:161} INFO - Started process (PID=182) to work on /opt/airflow/dags/reports_etl_dag.py
[2026-05-31T06:46:32.587+0000] {processor.py:830} INFO - Processing file /opt/airflow/dags/reports_etl_dag.py for tasks to queue
[2026-05-31T06:46:32.589+0000] {logging_mixin.py:188} INFO - [2026-05-31T06:46:32.588+0000] {dagbag.py:538} INFO - Filling up the DagBag from /opt/airflow/dags/reports_etl_dag.py
[2026-05-31T06:46:17.183+0000] {processor.py:840} INFO - DAG(s) 'reports_etl_dag' retrieved from /opt/airflow/dags/reports_etl_dag.py
[2026-05-31T06:46:17.229+0000] {logging_mixin.py:188} INFO - [2026-05-31T06:46:17.228+0000] {dag.py:3036} INFO - Sync 1 DAGs
[2026-05-31T06:46:17.268+0000] {logging_mixin.py:188} INFO - [2026-05-31T06:46:17.267+0000] {dag.py:3823} INFO - Setting next_dagrun for reports_etl_dag to 2026-05-30 02:00:00+00:00, run_after=2026-05-31 02:00:00+00:00
[2026-05-31T06:46:17.315+0000] {processor.py:183} INFO - Processing /opt/airflow/dags/reports_etl_dag.py took 0.355 seconds
[2026-05-31T06:46:47.628+0000] {processor.py:161} INFO - Started process (PID=187) to work on /opt/airflow/dags/reports_etl_dag.py
[2026-05-31T06:46:47.630+0000] {processor.py:830} INFO - Processing file /opt/airflow/dags/reports_etl_dag.py for tasks to queue
[2026-05-31T06:46:47.632+0000] {logging_mixin.py:188} INFO - [2026-05-31T06:46:47.631+0000] {dagbag.py:538} INFO - Filling up the DagBag from /opt/airflow/dags/reports_etl_dag.py
[2026-05-31T06:46:47.886+0000] {processor.py:840} INFO - DAG(s) 'reports_etl_dag' retrieved from /opt/airflow/dags/reports_etl_dag.py
[2026-05-31T06:46:47.933+0000] {logging_mixin.py:188} INFO - [2026-05-31T06:46:47.932+0000] {dag.py:3036} INFO - Sync 1 DAGs
[2026-05-31T06:46:47.964+0000] {logging_mixin.py:188} INFO - [2026-05-31T06:46:47.964+0000] {dag.py:3823} INFO - Setting next_dagrun for reports_etl_dag to 2026-05-30 02:00:00+00:00, run_after=2026-05-31 02:00:00+00:00
[2026-05-31T06:46:47.998+0000] {processor.py:183} INFO - Processing /opt/airflow/dags/reports_etl_dag.py took 0.374 seconds
[2026-05-31T06:47:22.387+0000] {processor.py:161} INFO - Started process (PID=192) to work on /opt/airflow/dags/reports_etl_dag.py
[2026-05-31T06:47:22.389+0000] {processor.py:830} INFO - Processing file /opt/airflow/dags/reports_etl_dag.py for tasks to queue
[2026-05-31T06:47:22.390+0000] {logging_mixin.py:188} INFO - [2026-05-31T06:47:22.390+0000] {dagbag.py:538} INFO - Filling up the DagBag from /opt/airflow/dags/reports_etl_dag.py
[2026-05-31T06:47:22.603+0000] {processor.py:840} INFO - DAG(s) 'reports_etl_dag' retrieved from /opt/airflow/dags/reports_etl_dag.py
[2026-05-31T06:47:06.991+0000] {logging_mixin.py:188} INFO - [2026-05-31T06:47:06.991+0000] {dag.py:3036} INFO - Sync 1 DAGs
[2026-05-31T06:47:07.021+0000] {logging_mixin.py:188} INFO - [2026-05-31T06:47:07.021+0000] {dag.py:3823} INFO - Setting next_dagrun for reports_etl_dag to 2026-05-30 02:00:00+00:00, run_after=2026-05-31 02:00:00+00:00
[2026-05-31T06:47:07.073+0000] {processor.py:183} INFO - Processing /opt/airflow/dags/reports_etl_dag.py took 0.344 seconds
[2026-05-31T06:47:37.484+0000] {processor.py:161} INFO - Started process (PID=197) to work on /opt/airflow/dags/reports_etl_dag.py
[2026-05-31T06:47:37.486+0000] {processor.py:830} INFO - Processing file /opt/airflow/dags/reports_etl_dag.py for tasks to queue
[2026-05-31T06:47:37.487+0000] {logging_mixin.py:188} INFO - [2026-05-31T06:47:37.487+0000] {dagbag.py:538} INFO - Filling up the DagBag from /opt/airflow/dags/reports_etl_dag.py
[2026-05-31T06:47:22.085+0000] {processor.py:840} INFO - DAG(s) 'reports_etl_dag' retrieved from /opt/airflow/dags/reports_etl_dag.py
[2026-05-31T06:47:22.129+0000] {logging_mixin.py:188} INFO - [2026-05-31T06:47:22.129+0000] {dag.py:3036} INFO - Sync 1 DAGs
[2026-05-31T06:47:22.159+0000] {logging_mixin.py:188} INFO - [2026-05-31T06:47:22.159+0000] {dag.py:3823} INFO - Setting next_dagrun for reports_etl_dag to 2026-05-30 02:00:00+00:00, run_after=2026-05-31 02:00:00+00:00
[2026-05-31T06:47:22.197+0000] {processor.py:183} INFO - Processing /opt/airflow/dags/reports_etl_dag.py took 0.366 seconds
[2026-05-31T06:47:52.434+0000] {processor.py:161} INFO - Started process (PID=202) to work on /opt/airflow/dags/reports_etl_dag.py
[2026-05-31T06:47:52.435+0000] {processor.py:830} INFO - Processing file /opt/airflow/dags/reports_etl_dag.py for tasks to queue
[2026-05-31T06:47:52.437+0000] {logging_mixin.py:188} INFO - [2026-05-31T06:47:52.436+0000] {dagbag.py:538} INFO - Filling up the DagBag from /opt/airflow/dags/reports_etl_dag.py
[2026-05-31T06:47:52.654+0000] {processor.py:840} INFO - DAG(s) 'reports_etl_dag' retrieved from /opt/airflow/dags/reports_etl_dag.py
[2026-05-31T06:47:52.693+0000] {logging_mixin.py:188} INFO - [2026-05-31T06:47:52.693+0000] {dag.py:3036} INFO - Sync 1 DAGs
[2026-05-31T06:47:52.722+0000] {logging_mixin.py:188} INFO - [2026-05-31T06:47:52.722+0000] {dag.py:3823} INFO - Setting next_dagrun for reports_etl_dag to 2026-05-30 02:00:00+00:00, run_after=2026-05-31 02:00:00+00:00
[2026-05-31T06:47:52.755+0000] {processor.py:183} INFO - Processing /opt/airflow/dags/reports_etl_dag.py took 0.326 seconds
[2026-05-31T06:48:27.571+0000] {processor.py:161} INFO - Started process (PID=207) to work on /opt/airflow/dags/reports_etl_dag.py
[2026-05-31T06:48:27.574+0000] {processor.py:830} INFO - Processing file /opt/airflow/dags/reports_etl_dag.py for tasks to queue
[2026-05-31T06:48:27.575+0000] {logging_mixin.py:188} INFO - [2026-05-31T06:48:27.575+0000] {dagbag.py:538} INFO - Filling up the DagBag from /opt/airflow/dags/reports_etl_dag.py
[2026-05-31T06:48:12.161+0000] {processor.py:840} INFO - DAG(s) 'reports_etl_dag' retrieved from /opt/airflow/dags/reports_etl_dag.py
[2026-05-31T06:48:12.201+0000] {logging_mixin.py:188} INFO - [2026-05-31T06:48:12.201+0000] {dag.py:3036} INFO - Sync 1 DAGs
[2026-05-31T06:48:12.232+0000] {logging_mixin.py:188} INFO - [2026-05-31T06:48:12.232+0000] {dag.py:3823} INFO - Setting next_dagrun for reports_etl_dag to 2026-05-30 02:00:00+00:00, run_after=2026-05-31 02:00:00+00:00
[2026-05-31T06:48:12.269+0000] {processor.py:183} INFO - Processing /opt/airflow/dags/reports_etl_dag.py took 0.351 seconds
[2026-05-31T06:48:42.665+0000] {processor.py:161} INFO - Started process (PID=212) to work on /opt/airflow/dags/reports_etl_dag.py
[2026-05-31T06:48:42.667+0000] {processor.py:830} INFO - Processing file /opt/airflow/dags/reports_etl_dag.py for tasks to queue
[2026-05-31T06:48:42.668+0000] {logging_mixin.py:188} INFO - [2026-05-31T06:48:42.668+0000] {dagbag.py:538} INFO - Filling up the DagBag from /opt/airflow/dags/reports_etl_dag.py
[2026-05-31T06:48:27.235+0000] {processor.py:840} INFO - DAG(s) 'reports_etl_dag' retrieved from /opt/airflow/dags/reports_etl_dag.py
[2026-05-31T06:48:27.272+0000] {logging_mixin.py:188} INFO - [2026-05-31T06:48:27.272+0000] {dag.py:3036} INFO - Sync 1 DAGs
[2026-05-31T06:48:27.301+0000] {logging_mixin.py:188} INFO - [2026-05-31T06:48:27.300+0000] {dag.py:3823} INFO - Setting next_dagrun for reports_etl_dag to 2026-05-30 02:00:00+00:00, run_after=2026-05-31 02:00:00+00:00
[2026-05-31T06:48:27.337+0000] {processor.py:183} INFO - Processing /opt/airflow/dags/reports_etl_dag.py took 0.332 seconds
[2026-05-31T06:48:57.777+0000] {processor.py:161} INFO - Started process (PID=217) to work on /opt/airflow/dags/reports_etl_dag.py
[2026-05-31T06:48:57.779+0000] {processor.py:830} INFO - Processing file /opt/airflow/dags/reports_etl_dag.py for tasks to queue
[2026-05-31T06:48:57.782+0000] {logging_mixin.py:188} INFO - [2026-05-31T06:48:57.782+0000] {dagbag.py:538} INFO - Filling up the DagBag from /opt/airflow/dags/reports_etl_dag.py
[2026-05-31T06:48:42.406+0000] {processor.py:840} INFO - DAG(s) 'reports_etl_dag' retrieved from /opt/airflow/dags/reports_etl_dag.py
[2026-05-31T06:48:42.504+0000] {logging_mixin.py:188} INFO - [2026-05-31T06:48:42.503+0000] {dag.py:3036} INFO - Sync 1 DAGs
[2026-05-31T06:48:42.560+0000] {logging_mixin.py:188} INFO - [2026-05-31T06:48:42.560+0000] {dag.py:3823} INFO - Setting next_dagrun for reports_etl_dag to 2026-05-30 02:00:00+00:00, run_after=2026-05-31 02:00:00+00:00
[2026-05-31T06:48:42.608+0000] {processor.py:183} INFO - Processing /opt/airflow/dags/reports_etl_dag.py took 0.485 seconds
[2026-05-31T06:49:12.671+0000] {processor.py:161} INFO - Started process (PID=222) to work on /opt/airflow/dags/reports_etl_dag.py
[2026-05-31T06:49:12.673+0000] {processor.py:830} INFO - Processing file /opt/airflow/dags/reports_etl_dag.py for tasks to queue
[2026-05-31T06:49:12.674+0000] {logging_mixin.py:188} INFO - [2026-05-31T06:49:12.674+0000] {dagbag.py:538} INFO - Filling up the DagBag from /opt/airflow/dags/reports_etl_dag.py
[2026-05-31T06:49:12.891+0000] {processor.py:840} INFO - DAG(s) 'reports_etl_dag' retrieved from /opt/airflow/dags/reports_etl_dag.py
[2026-05-31T06:49:12.933+0000] {logging_mixin.py:188} INFO - [2026-05-31T06:49:12.932+0000] {dag.py:3036} INFO - Sync 1 DAGs
[2026-05-31T06:49:12.964+0000] {logging_mixin.py:188} INFO - [2026-05-31T06:49:12.964+0000] {dag.py:3823} INFO - Setting next_dagrun for reports_etl_dag to 2026-05-30 02:00:00+00:00, run_after=2026-05-31 02:00:00+00:00
[2026-05-31T06:49:12.995+0000] {processor.py:183} INFO - Processing /opt/airflow/dags/reports_etl_dag.py took 0.328 seconds
[2026-05-31T06:49:47.883+0000] {processor.py:161} INFO - Started process (PID=227) to work on /opt/airflow/dags/reports_etl_dag.py
[2026-05-31T06:49:47.885+0000] {processor.py:830} INFO - Processing file /opt/airflow/dags/reports_etl_dag.py for tasks to queue
[2026-05-31T06:49:47.886+0000] {logging_mixin.py:188} INFO - [2026-05-31T06:49:47.885+0000] {dagbag.py:538} INFO - Filling up the DagBag from /opt/airflow/dags/reports_etl_dag.py
[2026-05-31T06:49:32.451+0000] {processor.py:840} INFO - DAG(s) 'reports_etl_dag' retrieved from /opt/airflow/dags/reports_etl_dag.py
[2026-05-31T06:49:32.500+0000] {logging_mixin.py:188} INFO - [2026-05-31T06:49:32.500+0000] {dag.py:3036} INFO - Sync 1 DAGs
[2026-05-31T06:49:32.541+0000] {logging_mixin.py:188} INFO - [2026-05-31T06:49:32.541+0000] {dag.py:3823} INFO - Setting next_dagrun for reports_etl_dag to 2026-05-30 02:00:00+00:00, run_after=2026-05-31 02:00:00+00:00
[2026-05-31T06:49:32.579+0000] {processor.py:183} INFO - Processing /opt/airflow/dags/reports_etl_dag.py took 0.350 seconds
[2026-05-31T06:49:47.344+0000] {processor.py:161} INFO - Started process (PID=232) to work on /opt/airflow/dags/reports_etl_dag.py
[2026-05-31T06:49:47.346+0000] {processor.py:830} INFO - Processing file /opt/airflow/dags/reports_etl_dag.py for tasks to queue
[2026-05-31T06:49:47.348+0000] {logging_mixin.py:188} INFO - [2026-05-31T06:49:47.347+0000] {dagbag.py:538} INFO - Filling up the DagBag from /opt/airflow/dags/reports_etl_dag.py
[2026-05-31T06:49:47.561+0000] {processor.py:840} INFO - DAG(s) 'reports_etl_dag' retrieved from /opt/airflow/dags/reports_etl_dag.py
[2026-05-31T06:49:47.604+0000] {logging_mixin.py:188} INFO - [2026-05-31T06:49:47.604+0000] {dag.py:3036} INFO - Sync 1 DAGs
[2026-05-31T06:49:47.634+0000] {logging_mixin.py:188} INFO - [2026-05-31T06:49:47.633+0000] {dag.py:3823} INFO - Setting next_dagrun for reports_etl_dag to 2026-05-30 02:00:00+00:00, run_after=2026-05-31 02:00:00+00:00
[2026-05-31T06:49:47.675+0000] {processor.py:183} INFO - Processing /opt/airflow/dags/reports_etl_dag.py took 0.336 seconds
[2026-05-31T06:50:05.522+0000] {processor.py:161} INFO - Started process (PID=237) to work on /opt/airflow/dags/reports_etl_dag.py
[2026-05-31T06:50:05.524+0000] {processor.py:830} INFO - Processing file /opt/airflow/dags/reports_etl_dag.py for tasks to queue
[2026-05-31T06:50:05.527+0000] {logging_mixin.py:188} INFO - [2026-05-31T06:50:05.526+0000] {dagbag.py:538} INFO - Filling up the DagBag from /opt/airflow/dags/reports_etl_dag.py
[2026-05-31T06:50:05.834+0000] {processor.py:840} INFO - DAG(s) 'reports_etl_dag' retrieved from /opt/airflow/dags/reports_etl_dag.py
[2026-05-31T06:50:05.874+0000] {logging_mixin.py:188} INFO - [2026-05-31T06:50:05.873+0000] {dag.py:3036} INFO - Sync 1 DAGs
[2026-05-31T06:50:05.903+0000] {logging_mixin.py:188} INFO - [2026-05-31T06:50:05.903+0000] {dag.py:3823} INFO - Setting next_dagrun for reports_etl_dag to 2026-05-30 02:00:00+00:00, run_after=2026-05-31 02:00:00+00:00
[2026-05-31T06:50:05.937+0000] {processor.py:183} INFO - Processing /opt/airflow/dags/reports_etl_dag.py took 0.420 seconds
[2026-05-31T06:50:36.034+0000] {processor.py:161} INFO - Started process (PID=242) to work on /opt/airflow/dags/reports_etl_dag.py
[2026-05-31T06:50:36.036+0000] {processor.py:830} INFO - Processing file /opt/airflow/dags/reports_etl_dag.py for tasks to queue
[2026-05-31T06:50:36.038+0000] {logging_mixin.py:188} INFO - [2026-05-31T06:50:36.038+0000] {dagbag.py:538} INFO - Filling up the DagBag from /opt/airflow/dags/reports_etl_dag.py
[2026-05-31T06:50:36.258+0000] {processor.py:840} INFO - DAG(s) 'reports_etl_dag' retrieved from /opt/airflow/dags/reports_etl_dag.py
[2026-05-31T06:50:36.297+0000] {logging_mixin.py:188} INFO - [2026-05-31T06:50:36.297+0000] {dag.py:3036} INFO - Sync 1 DAGs
[2026-05-31T06:50:36.328+0000] {logging_mixin.py:188} INFO - [2026-05-31T06:50:36.328+0000] {dag.py:3823} INFO - Setting next_dagrun for reports_etl_dag to 2026-05-30 02:00:00+00:00, run_after=2026-05-31 02:00:00+00:00
[2026-05-31T06:50:36.363+0000] {processor.py:183} INFO - Processing /opt/airflow/dags/reports_etl_dag.py took 0.334 seconds
[2026-05-31T06:51:07.893+0000] {processor.py:161} INFO - Started process (PID=247) to work on /opt/airflow/dags/reports_etl_dag.py
[2026-05-31T06:51:07.895+0000] {processor.py:830} INFO - Processing file /opt/airflow/dags/reports_etl_dag.py for tasks to queue
[2026-05-31T06:51:07.897+0000] {logging_mixin.py:188} INFO - [2026-05-31T06:51:07.896+0000] {dagbag.py:538} INFO - Filling up the DagBag from /opt/airflow/dags/reports_etl_dag.py
[2026-05-31T06:50:52.484+0000] {processor.py:840} INFO - DAG(s) 'reports_etl_dag' retrieved from /opt/airflow/dags/reports_etl_dag.py
[2026-05-31T06:50:52.537+0000] {logging_mixin.py:188} INFO - [2026-05-31T06:50:52.536+0000] {dag.py:3036} INFO - Sync 1 DAGs
[2026-05-31T06:50:52.572+0000] {logging_mixin.py:188} INFO - [2026-05-31T06:50:52.572+0000] {dag.py:3823} INFO - Setting next_dagrun for reports_etl_dag to 2026-05-30 02:00:00+00:00, run_after=2026-05-31 02:00:00+00:00
[2026-05-31T06:50:52.606+0000] {processor.py:183} INFO - Processing /opt/airflow/dags/reports_etl_dag.py took 0.373 seconds
[2026-05-31T06:51:23.053+0000] {processor.py:161} INFO - Started process (PID=252) to work on /opt/airflow/dags/reports_etl_dag.py
[2026-05-31T06:51:23.054+0000] {processor.py:830} INFO - Processing file /opt/airflow/dags/reports_etl_dag.py for tasks to queue
[2026-05-31T06:51:23.056+0000] {logging_mixin.py:188} INFO - [2026-05-31T06:51:23.055+0000] {dagbag.py:538} INFO - Filling up the DagBag from /opt/airflow/dags/reports_etl_dag.py
[2026-05-31T06:51:23.277+0000] {processor.py:840} INFO - DAG(s) 'reports_etl_dag' retrieved from /opt/airflow/dags/reports_etl_dag.py
[2026-05-31T06:51:23.317+0000] {logging_mixin.py:188} INFO - [2026-05-31T06:51:23.317+0000] {dag.py:3036} INFO - Sync 1 DAGs
[2026-05-31T06:51:23.350+0000] {logging_mixin.py:188} INFO - [2026-05-31T06:51:23.350+0000] {dag.py:3823} INFO - Setting next_dagrun for reports_etl_dag to 2026-05-30 02:00:00+00:00, run_after=2026-05-31 02:00:00+00:00
[2026-05-31T06:51:23.386+0000] {processor.py:183} INFO - Processing /opt/airflow/dags/reports_etl_dag.py took 0.339 seconds
[2026-05-31T06:51:58.242+0000] {processor.py:161} INFO - Started process (PID=257) to work on /opt/airflow/dags/reports_etl_dag.py
[2026-05-31T06:51:58.244+0000] {processor.py:830} INFO - Processing file /opt/airflow/dags/reports_etl_dag.py for tasks to queue
[2026-05-31T06:51:58.246+0000] {logging_mixin.py:188} INFO - [2026-05-31T06:51:58.246+0000] {dagbag.py:538} INFO - Filling up the DagBag from /opt/airflow/dags/reports_etl_dag.py
[2026-05-31T06:51:42.839+0000] {processor.py:840} INFO - DAG(s) 'reports_etl_dag' retrieved from /opt/airflow/dags/reports_etl_dag.py
[2026-05-31T06:51:42.885+0000] {logging_mixin.py:188} INFO - [2026-05-31T06:51:42.884+0000] {dag.py:3036} INFO - Sync 1 DAGs
[2026-05-31T06:51:42.917+0000] {logging_mixin.py:188} INFO - [2026-05-31T06:51:42.916+0000] {dag.py:3823} INFO - Setting next_dagrun for reports_etl_dag to 2026-05-30 02:00:00+00:00, run_after=2026-05-31 02:00:00+00:00
[2026-05-31T06:51:42.948+0000] {processor.py:183} INFO - Processing /opt/airflow/dags/reports_etl_dag.py took 0.369 seconds
[2026-05-31T06:52:13.425+0000] {processor.py:161} INFO - Started process (PID=262) to work on /opt/airflow/dags/reports_etl_dag.py
[2026-05-31T06:52:13.427+0000] {processor.py:830} INFO - Processing file /opt/airflow/dags/reports_etl_dag.py for tasks to queue
[2026-05-31T06:52:13.429+0000] {logging_mixin.py:188} INFO - [2026-05-31T06:52:13.428+0000] {dagbag.py:538} INFO - Filling up the DagBag from /opt/airflow/dags/reports_etl_dag.py
[2026-05-31T06:52:13.688+0000] {processor.py:840} INFO - DAG(s) 'reports_etl_dag' retrieved from /opt/airflow/dags/reports_etl_dag.py
[2026-05-31T06:52:13.736+0000] {logging_mixin.py:188} INFO - [2026-05-31T06:52:13.736+0000] {dag.py:3036} INFO - Sync 1 DAGs
[2026-05-31T06:52:13.781+0000] {logging_mixin.py:188} INFO - [2026-05-31T06:52:13.780+0000] {dag.py:3823} INFO - Setting next_dagrun for reports_etl_dag to 2026-05-30 02:00:00+00:00, run_after=2026-05-31 02:00:00+00:00
[2026-05-31T06:52:13.814+0000] {processor.py:183} INFO - Processing /opt/airflow/dags/reports_etl_dag.py took 0.393 seconds
[2026-05-31T06:52:50.950+0000] {processor.py:161} INFO - Started process (PID=267) to work on /opt/airflow/dags/reports_etl_dag.py
[2026-05-31T06:52:50.952+0000] {processor.py:830} INFO - Processing file /opt/airflow/dags/reports_etl_dag.py for tasks to queue
[2026-05-31T06:52:50.954+0000] {logging_mixin.py:188} INFO - [2026-05-31T06:52:50.953+0000] {dagbag.py:538} INFO - Filling up the DagBag from /opt/airflow/dags/reports_etl_dag.py
[2026-05-31T06:52:35.603+0000] {processor.py:840} INFO - DAG(s) 'reports_etl_dag' retrieved from /opt/airflow/dags/reports_etl_dag.py
[2026-05-31T06:52:35.671+0000] {logging_mixin.py:188} INFO - [2026-05-31T06:52:35.670+0000] {dag.py:3036} INFO - Sync 1 DAGs
[2026-05-31T06:52:35.730+0000] {logging_mixin.py:188} INFO - [2026-05-31T06:52:35.730+0000] {dag.py:3823} INFO - Setting next_dagrun for reports_etl_dag to 2026-05-30 02:00:00+00:00, run_after=2026-05-31 02:00:00+00:00
[2026-05-31T06:52:35.775+0000] {processor.py:183} INFO - Processing /opt/airflow/dags/reports_etl_dag.py took 0.494 seconds
[2026-05-31T06:53:05.566+0000] {processor.py:161} INFO - Started process (PID=272) to work on /opt/airflow/dags/reports_etl_dag.py
[2026-05-31T06:53:05.567+0000] {processor.py:830} INFO - Processing file /opt/airflow/dags/reports_etl_dag.py for tasks to queue
[2026-05-31T06:53:05.569+0000] {logging_mixin.py:188} INFO - [2026-05-31T06:53:05.569+0000] {dagbag.py:538} INFO - Filling up the DagBag from /opt/airflow/dags/reports_etl_dag.py
[2026-05-31T06:53:05.910+0000] {processor.py:840} INFO - DAG(s) 'reports_etl_dag' retrieved from /opt/airflow/dags/reports_etl_dag.py
[2026-05-31T06:53:06.010+0000] {logging_mixin.py:188} INFO - [2026-05-31T06:53:06.010+0000] {dag.py:3036} INFO - Sync 1 DAGs
[2026-05-31T06:53:06.068+0000] {logging_mixin.py:188} INFO - [2026-05-31T06:53:06.068+0000] {dag.py:3823} INFO - Setting next_dagrun for reports_etl_dag to 2026-05-30 02:00:00+00:00, run_after=2026-05-31 02:00:00+00:00
[2026-05-31T06:53:06.110+0000] {processor.py:183} INFO - Processing /opt/airflow/dags/reports_etl_dag.py took 0.549 seconds
[2026-05-31T06:53:29.328+0000] {processor.py:161} INFO - Started process (PID=277) to work on /opt/airflow/dags/reports_etl_dag.py
[2026-05-31T06:53:29.330+0000] {processor.py:830} INFO - Processing file /opt/airflow/dags/reports_etl_dag.py for tasks to queue
[2026-05-31T06:53:29.332+0000] {logging_mixin.py:188} INFO - [2026-05-31T06:53:29.332+0000] {dagbag.py:538} INFO - Filling up the DagBag from /opt/airflow/dags/reports_etl_dag.py
[2026-05-31T06:53:29.826+0000] {processor.py:840} INFO - DAG(s) 'reports_etl_dag' retrieved from /opt/airflow/dags/reports_etl_dag.py
[2026-05-31T06:53:29.864+0000] {logging_mixin.py:188} INFO - [2026-05-31T06:53:29.864+0000] {dag.py:3036} INFO - Sync 1 DAGs
[2026-05-31T06:53:29.896+0000] {logging_mixin.py:188} INFO - [2026-05-31T06:53:29.896+0000] {dag.py:3823} INFO - Setting next_dagrun for reports_etl_dag to 2026-05-30 02:00:00+00:00, run_after=2026-05-31 02:00:00+00:00
[2026-05-31T06:53:29.924+0000] {processor.py:183} INFO - Processing /opt/airflow/dags/reports_etl_dag.py took 0.600 seconds
[2026-05-31T06:54:00.189+0000] {processor.py:161} INFO - Started process (PID=282) to work on /opt/airflow/dags/reports_etl_dag.py
[2026-05-31T06:54:00.191+0000] {processor.py:830} INFO - Processing file /opt/airflow/dags/reports_etl_dag.py for tasks to queue
[2026-05-31T06:54:00.192+0000] {logging_mixin.py:188} INFO - [2026-05-31T06:54:00.191+0000] {dagbag.py:538} INFO - Filling up the DagBag from /opt/airflow/dags/reports_etl_dag.py
[2026-05-31T06:54:00.419+0000] {processor.py:840} INFO - DAG(s) 'reports_etl_dag' retrieved from /opt/airflow/dags/reports_etl_dag.py
[2026-05-31T06:54:00.457+0000] {logging_mixin.py:188} INFO - [2026-05-31T06:54:00.457+0000] {dag.py:3036} INFO - Sync 1 DAGs
[2026-05-31T06:54:00.491+0000] {logging_mixin.py:188} INFO - [2026-05-31T06:54:00.491+0000] {dag.py:3823} INFO - Setting next_dagrun for reports_etl_dag to 2026-05-30 02:00:00+00:00, run_after=2026-05-31 02:00:00+00:00
[2026-05-31T06:54:00.526+0000] {processor.py:183} INFO - Processing /opt/airflow/dags/reports_etl_dag.py took 0.342 seconds
[2026-05-31T06:54:30.829+0000] {processor.py:161} INFO - Started process (PID=287) to work on /opt/airflow/dags/reports_etl_dag.py
[2026-05-31T06:54:30.830+0000] {processor.py:830} INFO - Processing file /opt/airflow/dags/reports_etl_dag.py for tasks to queue
[2026-05-31T06:54:30.831+0000] {logging_mixin.py:188} INFO - [2026-05-31T06:54:30.831+0000] {dagbag.py:538} INFO - Filling up the DagBag from /opt/airflow/dags/reports_etl_dag.py
[2026-05-31T06:54:31.075+0000] {processor.py:840} INFO - DAG(s) 'reports_etl_dag' retrieved from /opt/airflow/dags/reports_etl_dag.py
[2026-05-31T06:54:31.114+0000] {logging_mixin.py:188} INFO - [2026-05-31T06:54:31.114+0000] {dag.py:3036} INFO - Sync 1 DAGs
[2026-05-31T06:54:31.148+0000] {logging_mixin.py:188} INFO - [2026-05-31T06:54:31.148+0000] {dag.py:3823} INFO - Setting next_dagrun for reports_etl_dag to 2026-05-30 02:00:00+00:00, run_after=2026-05-31 02:00:00+00:00
[2026-05-31T06:54:31.190+0000] {processor.py:183} INFO - Processing /opt/airflow/dags/reports_etl_dag.py took 0.366 seconds
[2026-05-31T06:55:03.668+0000] {processor.py:161} INFO - Started process (PID=292) to work on /opt/airflow/dags/reports_etl_dag.py
[2026-05-31T06:55:03.670+0000] {processor.py:830} INFO - Processing file /opt/airflow/dags/reports_etl_dag.py for tasks to queue
[2026-05-31T06:55:03.680+0000] {logging_mixin.py:188} INFO - [2026-05-31T06:55:03.679+0000] {dagbag.py:538} INFO - Filling up the DagBag from /opt/airflow/dags/reports_etl_dag.py
[2026-05-31T06:54:48.299+0000] {processor.py:840} INFO - DAG(s) 'reports_etl_dag' retrieved from /opt/airflow/dags/reports_etl_dag.py
[2026-05-31T06:54:48.340+0000] {logging_mixin.py:188} INFO - [2026-05-31T06:54:48.340+0000] {dag.py:3036} INFO - Sync 1 DAGs
[2026-05-31T06:54:48.374+0000] {logging_mixin.py:188} INFO - [2026-05-31T06:54:48.373+0000] {dag.py:3823} INFO - Setting next_dagrun for reports_etl_dag to 2026-05-30 02:00:00+00:00, run_after=2026-05-31 02:00:00+00:00
[2026-05-31T06:54:48.405+0000] {processor.py:183} INFO - Processing /opt/airflow/dags/reports_etl_dag.py took 0.393 seconds
[2026-05-31T06:55:21.029+0000] {processor.py:161} INFO - Started process (PID=297) to work on /opt/airflow/dags/reports_etl_dag.py
[2026-05-31T06:55:21.030+0000] {processor.py:830} INFO - Processing file /opt/airflow/dags/reports_etl_dag.py for tasks to queue
[2026-05-31T06:55:21.032+0000] {logging_mixin.py:188} INFO - [2026-05-31T06:55:21.032+0000] {dagbag.py:538} INFO - Filling up the DagBag from /opt/airflow/dags/reports_etl_dag.py
[2026-05-31T06:55:06.070+0000] {processor.py:840} INFO - DAG(s) 'reports_etl_dag' retrieved from /opt/airflow/dags/reports_etl_dag.py
[2026-05-31T06:55:06.137+0000] {logging_mixin.py:188} INFO - [2026-05-31T06:55:06.137+0000] {dag.py:3036} INFO - Sync 1 DAGs
[2026-05-31T06:55:06.195+0000] {logging_mixin.py:188} INFO - [2026-05-31T06:55:06.195+0000] {dag.py:3823} INFO - Setting next_dagrun for reports_etl_dag to 2026-05-30 02:00:00+00:00, run_after=2026-05-31 02:00:00+00:00
[2026-05-31T06:55:06.246+0000] {processor.py:183} INFO - Processing /opt/airflow/dags/reports_etl_dag.py took 0.877 seconds
[2026-05-31T06:55:37.001+0000] {processor.py:161} INFO - Started process (PID=302) to work on /opt/airflow/dags/reports_etl_dag.py
[2026-05-31T06:55:37.003+0000] {processor.py:830} INFO - Processing file /opt/airflow/dags/reports_etl_dag.py for tasks to queue
[2026-05-31T06:55:37.005+0000] {logging_mixin.py:188} INFO - [2026-05-31T06:55:37.005+0000] {dagbag.py:538} INFO - Filling up the DagBag from /opt/airflow/dags/reports_etl_dag.py
[2026-05-31T06:55:37.232+0000] {processor.py:840} INFO - DAG(s) 'reports_etl_dag' retrieved from /opt/airflow/dags/reports_etl_dag.py
[2026-05-31T06:55:37.275+0000] {logging_mixin.py:188} INFO - [2026-05-31T06:55:37.273+0000] {dag.py:3036} INFO - Sync 1 DAGs
[2026-05-31T06:55:37.309+0000] {logging_mixin.py:188} INFO - [2026-05-31T06:55:37.309+0000] {dag.py:3823} INFO - Setting next_dagrun for reports_etl_dag to 2026-05-30 02:00:00+00:00, run_after=2026-05-31 02:00:00+00:00
[2026-05-31T06:55:37.341+0000] {processor.py:183} INFO - Processing /opt/airflow/dags/reports_etl_dag.py took 0.344 seconds
[2026-05-31T06:56:09.036+0000] {processor.py:161} INFO - Started process (PID=307) to work on /opt/airflow/dags/reports_etl_dag.py
[2026-05-31T06:56:09.084+0000] {processor.py:830} INFO - Processing file /opt/airflow/dags/reports_etl_dag.py for tasks to queue
[2026-05-31T06:56:09.100+0000] {logging_mixin.py:188} INFO - [2026-05-31T06:56:09.100+0000] {dagbag.py:538} INFO - Filling up the DagBag from /opt/airflow/dags/reports_etl_dag.py
[2026-05-31T06:55:54.705+0000] {processor.py:840} INFO - DAG(s) 'reports_etl_dag' retrieved from /opt/airflow/dags/reports_etl_dag.py
[2026-05-31T06:55:54.760+0000] {logging_mixin.py:188} INFO - [2026-05-31T06:55:54.760+0000] {dag.py:3036} INFO - Sync 1 DAGs
[2026-05-31T06:55:54.813+0000] {logging_mixin.py:188} INFO - [2026-05-31T06:55:54.812+0000] {dag.py:3823} INFO - Setting next_dagrun for reports_etl_dag to 2026-05-30 02:00:00+00:00, run_after=2026-05-31 02:00:00+00:00
[2026-05-31T06:55:54.843+0000] {processor.py:183} INFO - Processing /opt/airflow/dags/reports_etl_dag.py took 1.463 seconds
